employee_id,gender,years_of_experience,job_level,industry,company_size,negotiated_salary,employment_type,career_gap_months,num_promotions,primary_caregiver,relocated_for_job,works_overtime,education_level,city_tier,performance_rating,age,domain,monthly_salary_inr
EMP0001,Female,10.7,Senior,Consulting,Large (500-2000),0,Full-Time,0,1,0,0,0,Post-Graduate,Tier 3,3,32,Customer Support,70511
EMP0002,Female,4.2,Mid,FMCG,MNC (2000+),0,Full-Time,6,0,1,0,1,Post-Graduate,Tier 3,4,27,Finance,49414
EMP0003,Male,0.8,Junior,Technology,Large (500-2000),1,Full-Time,0,0,0,1,1,Post-Graduate,Tier 3,2,22,Engineering,30947
EMP0004,Female,9.8,Senior,Healthcare,MNC (2000+),1,Full-Time,18,2,1,0,1,Post-Graduate,Tier 2,4,38,Engineering,108069
EMP0005,Male,12.7,Manager,Finance & Banking,Large (500-2000),0,Full-Time,0,4,0,0,0,MBA,Tier 1,3,34,Finance,160383
EMP0006,Male,8.7,Senior,Manufacturing,Startup (<50),1,Full-Time,0,2,0,1,0,MBA,Tier 1,5,34,Marketing,73139
EMP0007,Female,9.0,Senior,Healthcare,Large (500-2000),0,Contract,6,2,1,0,1,MBA,Tier 3,3,30,Customer Support,65317
EMP0008,Male,13.2,Manager,Technology,MNC (2000+),0,Full-Time,3,4,0,0,0,PhD,Tier 3,4,38,Sales,190514
EMP0009,Male,16.8,Manager,Manufacturing,SME (50-500),0,Full-Time,0,4,0,1,1,PhD,Tier 1,3,41,Engineering,125281
EMP0010,Female,4.1,Junior,Education,MNC (2000+),0,Part-Time,18,1,1,0,0,Post-Graduate,Tier 3,3,25,HR,16269
EMP0011,Female,5.1,Mid,Education,Startup (<50),0,Full-Time,6,0,1,0,0,Post-Graduate,Tier 1,3,29,Engineering,47894
EMP0012,Male,4.6,Mid,Media,MNC (2000+),1,Full-Time,0,2,0,0,1,High School,Tier 2,4,26,Sales,41124
EMP0013,Male,5.6,Mid,Consulting,Large (500-2000),1,Full-Time,3,1,0,1,0,Graduate,Tier 1,5,25,Operations,64264
EMP0014,Female,1.6,Junior,Retail,SME (50-500),1,Full-Time,3,0,1,0,1,Post-Graduate,Tier 3,3,27,Customer Support,23376
EMP0015,Male,15.0,Manager,Finance & Banking,MNC (2000+),0,Full-Time,12,5,1,1,0,Graduate,Tier 1,4,36,Sales,194938
EMP0016,Female,13.2,Senior,Finance & Banking,Startup (<50),0,Full-Time,0,2,1,1,0,Post-Graduate,Tier 3,4,33,Customer Support,64207
EMP0017,Female,0.5,Junior,Manufacturing,SME (50-500),1,Full-Time,24,0,0,0,0,Post-Graduate,Tier 2,3,25,Operations,25526
EMP0018,Female,8.3,Senior,Technology,SME (50-500),0,Contract,6,1,0,0,0,MBA,Tier 2,5,32,HR,107000
EMP0019,Female,0.5,Junior,Technology,Large (500-2000),1,Full-Time,0,0,1,0,1,Graduate,Tier 2,4,22,Finance,41829
EMP0020,Male,15.0,Manager,Education,MNC (2000+),0,Full-Time,18,4,1,1,1,MBA,Tier 2,5,35,Engineering,102114
EMP0021,Female,15.1,Manager,Healthcare,Startup (<50),0,Full-Time,3,3,0,1,0,MBA,Tier 2,3,34,Sales,104280
EMP0022,Female,0.5,Junior,FMCG,Large (500-2000),0,Full-Time,18,1,0,1,0,MBA,Tier 3,2,22,Marketing,25818
EMP0023,Male,5.8,Mid,FMCG,Startup (<50),1,Full-Time,0,3,0,0,0,Graduate,Tier 1,1,30,HR,32918
EMP0024,Female,7.5,Senior,Education,SME (50-500),0,Full-Time,0,1,1,0,0,MBA,Tier 2,3,31,Marketing,47408
EMP0025,Male,9.5,Senior,NGO / Social Sector,MNC (2000+),0,Full-Time,0,4,0,0,1,MBA,Tier 1,2,34,Engineering,49126
EMP0026,Female,9.9,Senior,Healthcare,SME (50-500),1,Full-Time,24,2,0,0,0,Post-Graduate,Tier 3,2,34,Customer Support,52035
EMP0027,Female,4.1,Junior,Manufacturing,MNC (2000+),0,Full-Time,0,0,0,1,1,PhD,Tier 2,2,29,HR,30677
EMP0028,Female,9.6,Senior,Healthcare,Large (500-2000),1,Full-Time,6,2,1,1,1,Graduate,Tier 3,2,31,Customer Support,70489
EMP0029,Male,10.8,Senior,FMCG,Large (500-2000),1,Full-Time,0,3,0,1,1,Graduate,Tier 3,5,35,Legal,78472
EMP0030,Female,7.6,Mid,Healthcare,SME (50-500),0,Full-Time,6,1,0,0,1,Post-Graduate,Tier 3,1,31,Data & Analytics,45358
EMP0031,Male,5.9,Mid,Retail,Large (500-2000),1,Full-Time,6,0,0,1,0,Graduate,Tier 3,5,32,Legal,41898
EMP0032,Female,2.1,Junior,NGO / Social Sector,Startup (<50),1,Contract,3,1,1,0,1,MBA,Tier 2,4,22,Finance,15396
EMP0033,Male,3.8,Mid,Manufacturing,Large (500-2000),1,Part-Time,0,1,0,1,0,MBA,Tier 2,1,24,Engineering,56776
EMP0034,Male,15.5,Manager,FMCG,Large (500-2000),1,Full-Time,6,5,1,0,0,Post-Graduate,Tier 1,3,37,Finance,152998
EMP0035,Male,9.1,Senior,FMCG,SME (50-500),1,Full-Time,0,2,0,1,1,MBA,Tier 1,5,31,Engineering,106837
EMP0036,Female,6.6,Mid,Media,Startup (<50),1,Full-Time,18,2,1,0,0,Post-Graduate,Tier 1,3,29,Customer Support,28108
EMP0037,Male,7.3,Senior,Technology,Startup (<50),0,Full-Time,3,3,0,1,0,Graduate,Tier 2,4,30,Sales,107361
EMP0038,Male,6.9,Mid,Manufacturing,Startup (<50),1,Full-Time,0,2,0,1,0,Graduate,Tier 2,3,28,Engineering,42638
EMP0039,Female,10.0,Senior,Finance & Banking,MNC (2000+),0,Full-Time,12,1,0,0,0,MBA,Tier 3,3,34,HR,82968
EMP0040,Male,11.4,Senior,Retail,SME (50-500),1,Full-Time,0,3,0,1,1,Graduate,Tier 1,5,35,Finance,67922
EMP0041,Male,0.5,Junior,Finance & Banking,SME (50-500),1,Full-Time,0,1,0,0,0,Post-Graduate,Tier 2,3,24,Engineering,29515
EMP0042,Female,13.0,Senior,NGO / Social Sector,MNC (2000+),1,Full-Time,0,2,1,0,1,Post-Graduate,Tier 1,4,34,Sales,91167
EMP0043,Male,14.1,Manager,Education,SME (50-500),0,Full-Time,0,4,1,0,0,PhD,Tier 3,3,33,Sales,84992
EMP0044,Male,11.1,Senior,Finance & Banking,Large (500-2000),0,Part-Time,0,4,0,1,0,Graduate,Tier 2,2,34,Finance,113874
EMP0045,Female,4.8,Mid,Consulting,Large (500-2000),0,Full-Time,0,1,1,0,0,MBA,Tier 2,2,30,Operations,64257
EMP0046,Female,11.0,Senior,Technology,Startup (<50),0,Contract,3,2,0,1,1,Post-Graduate,Tier 2,4,34,Admin,87683
EMP0047,Female,6.8,Senior,Manufacturing,Large (500-2000),0,Full-Time,0,2,1,0,0,MBA,Tier 2,3,32,Finance,95607
EMP0048,Female,11.0,Senior,Education,Startup (<50),0,Full-Time,0,2,1,0,0,Post-Graduate,Tier 3,3,35,Customer Support,44089
EMP0049,Female,9.9,Senior,Technology,MNC (2000+),1,Full-Time,6,2,1,0,0,MBA,Tier 3,2,31,Operations,126980
EMP0050,Male,12.8,Senior,Technology,SME (50-500),1,Full-Time,0,3,0,1,1,PhD,Tier 1,4,36,Data & Analytics,126670
EMP0051,Male,13.5,Manager,Consulting,Large (500-2000),1,Full-Time,0,4,0,0,1,MBA,Tier 1,4,31,Marketing,185884
EMP0052,Female,11.4,Senior,NGO / Social Sector,Large (500-2000),1,Contract,0,3,1,1,0,Graduate,Tier 3,5,34,Customer Support,37897
EMP0053,Male,13.0,Manager,Technology,SME (50-500),1,Full-Time,0,3,1,1,0,Post-Graduate,Tier 1,2,35,Finance,192975
EMP0054,Female,14.3,Manager,Manufacturing,SME (50-500),1,Part-Time,12,3,1,0,0,Graduate,Tier 1,4,35,HR,150616
EMP0055,Female,5.0,Mid,Media,Startup (<50),0,Part-Time,6,0,0,0,1,Post-Graduate,Tier 1,3,24,Sales,55270
EMP0056,Female,11.5,Senior,Education,Large (500-2000),1,Full-Time,12,3,0,1,0,High School,Tier 2,5,31,HR,52635
EMP0057,Male,10.7,Senior,Finance & Banking,Startup (<50),1,Full-Time,0,3,0,1,1,MBA,Tier 2,2,34,Engineering,113910
EMP0058,Male,17.4,Manager,Finance & Banking,SME (50-500),1,Full-Time,6,5,0,0,0,Graduate,Tier 3,5,39,Operations,146378
EMP0059,Female,10.4,Senior,Finance & Banking,Large (500-2000),0,Full-Time,3,2,0,0,0,MBA,Tier 2,3,32,HR,96529
EMP0060,Male,8.0,Senior,Media,Startup (<50),1,Full-Time,0,2,0,0,0,Graduate,Tier 3,5,26,Operations,45461
EMP0061,Female,9.8,Senior,Retail,Startup (<50),1,Contract,24,2,0,0,0,MBA,Tier 2,2,32,Data & Analytics,68001
EMP0062,Male,3.8,Mid,FMCG,Startup (<50),0,Full-Time,0,1,0,1,0,Post-Graduate,Tier 2,3,22,Finance,34889
EMP0063,Female,6.7,Mid,Healthcare,SME (50-500),0,Full-Time,3,2,1,1,0,PhD,Tier 1,5,27,Admin,43281
EMP0064,Male,4.9,Mid,Technology,SME (50-500),0,Contract,18,2,1,0,0,PhD,Tier 3,3,22,Engineering,56776
EMP0065,Male,16.0,Manager,FMCG,Large (500-2000),1,Full-Time,0,4,0,0,0,Post-Graduate,Tier 1,3,42,Data & Analytics,144116
EMP0066,Male,10.2,Senior,Healthcare,Large (500-2000),0,Full-Time,12,2,0,0,0,Graduate,Tier 2,1,36,Customer Support,58745
EMP0067,Male,6.1,Senior,Healthcare,SME (50-500),1,Full-Time,3,1,0,1,1,Graduate,Tier 2,4,23,Finance,90632
EMP0068,Male,14.1,Manager,NGO / Social Sector,Large (500-2000),1,Full-Time,0,4,1,0,0,Post-Graduate,Tier 1,3,34,Marketing,67174
EMP0069,Male,11.6,Senior,Manufacturing,MNC (2000+),1,Full-Time,0,3,0,0,0,MBA,Tier 1,5,37,Admin,77825
EMP0070,Male,7.1,Senior,Manufacturing,MNC (2000+),1,Full-Time,3,2,0,1,1,MBA,Tier 1,5,31,Marketing,117297
EMP0071,Male,9.2,Senior,Education,SME (50-500),1,Full-Time,3,2,0,0,0,MBA,Tier 1,2,31,Customer Support,37814
EMP0072,Female,11.3,Senior,Retail,Large (500-2000),0,Full-Time,0,2,1,0,0,PhD,Tier 2,2,31,Customer Support,69885
EMP0073,Female,8.8,Senior,Healthcare,Large (500-2000),1,Part-Time,6,1,0,0,1,High School,Tier 3,3,29,Admin,49505
EMP0074,Female,8.8,Senior,Healthcare,SME (50-500),0,Full-Time,6,1,0,0,0,MBA,Tier 2,5,34,Operations,87334
EMP0075,Female,14.5,Manager,Retail,Startup (<50),1,Full-Time,18,4,0,0,0,MBA,Tier 1,5,37,Finance,118997
EMP0076,Male,10.5,Senior,Technology,SME (50-500),1,Full-Time,12,3,1,0,0,MBA,Tier 1,3,35,Finance,122817
EMP0077,Female,0.5,Junior,Healthcare,MNC (2000+),0,Full-Time,24,1,1,0,1,MBA,Tier 2,3,22,Admin,16094
EMP0078,Male,7.6,Senior,FMCG,MNC (2000+),1,Full-Time,0,2,0,1,1,MBA,Tier 1,5,30,Engineering,118943
EMP0079,Male,8.3,Senior,NGO / Social Sector,Startup (<50),0,Contract,0,2,0,1,1,MBA,Tier 1,3,30,Finance,42649
EMP0080,Female,15.8,Manager,Finance & Banking,SME (50-500),0,Part-Time,24,3,0,0,0,High School,Tier 1,4,39,Marketing,146475
EMP0081,Female,5.0,Mid,FMCG,Large (500-2000),0,Contract,12,2,1,0,0,Graduate,Tier 1,2,27,Operations,38497
EMP0082,Male,3.7,Mid,Manufacturing,SME (50-500),1,Full-Time,0,0,0,1,0,MBA,Tier 1,3,28,Customer Support,35720
EMP0083,Male,7.5,Senior,FMCG,Large (500-2000),1,Full-Time,12,2,0,1,0,Graduate,Tier 1,4,28,Data & Analytics,114377
EMP0084,Male,1.6,Junior,Manufacturing,Large (500-2000),0,Full-Time,3,1,0,1,0,MBA,Tier 1,3,22,Engineering,28727
EMP0085,Male,15.1,Manager,Technology,SME (50-500),0,Full-Time,0,5,1,0,0,Post-Graduate,Tier 1,4,37,Data & Analytics,239051
EMP0086,Male,4.7,Mid,Manufacturing,Large (500-2000),0,Full-Time,0,1,1,1,0,Post-Graduate,Tier 2,3,25,Admin,29271
EMP0087,Female,14.1,Manager,Retail,MNC (2000+),0,Full-Time,12,3,0,1,0,MBA,Tier 2,4,39,Customer Support,113294
EMP0088,Male,11.6,Senior,Manufacturing,Large (500-2000),1,Contract,0,4,0,0,1,MBA,Tier 2,2,36,Engineering,86752
EMP0089,Male,3.3,Mid,Retail,MNC (2000+),1,Full-Time,0,0,0,0,1,Graduate,Tier 2,5,24,Sales,41971
EMP0090,Male,2.3,Mid,Education,Large (500-2000),1,Full-Time,18,0,0,1,1,Graduate,Tier 3,5,23,Operations,31360
EMP0091,Female,0.5,Junior,Education,Large (500-2000),0,Full-Time,12,0,1,0,1,Graduate,Tier 1,5,24,HR,17533
EMP0092,Male,4.2,Mid,Finance & Banking,Large (500-2000),1,Full-Time,0,1,0,1,1,MBA,Tier 1,4,25,Engineering,79452
EMP0093,Male,11.6,Senior,Technology,Large (500-2000),1,Full-Time,0,2,0,1,1,Graduate,Tier 1,5,33,Sales,136420
EMP0094,Male,5.3,Mid,Technology,Large (500-2000),1,Full-Time,0,1,0,1,1,Post-Graduate,Tier 3,4,28,Legal,75774
EMP0095,Female,10.1,Senior,NGO / Social Sector,MNC (2000+),0,Full-Time,12,2,0,1,0,Graduate,Tier 3,2,33,Marketing,52600
EMP0096,Female,15.2,Manager,Consulting,Startup (<50),0,Full-Time,6,3,1,1,0,High School,Tier 2,4,39,Customer Support,108846
EMP0097,Female,6.8,Senior,Retail,MNC (2000+),0,Full-Time,6,2,0,0,0,Graduate,Tier 3,5,29,Finance,108104
EMP0098,Male,13.6,Manager,Manufacturing,Large (500-2000),1,Full-Time,0,3,0,1,1,MBA,Tier 1,2,37,Marketing,109050
EMP0099,Female,14.8,Manager,Healthcare,MNC (2000+),1,Full-Time,6,3,0,1,0,PhD,Tier 2,2,37,Operations,115006
EMP0100,Female,11.5,Senior,Healthcare,SME (50-500),0,Full-Time,24,3,0,0,0,Post-Graduate,Tier 3,5,34,Legal,70313
EMP0101,Female,7.7,Senior,Finance & Banking,SME (50-500),1,Full-Time,0,1,1,0,0,Post-Graduate,Tier 1,2,28,HR,115784
EMP0102,Female,9.2,Senior,Retail,Large (500-2000),1,Full-Time,3,2,1,0,0,MBA,Tier 3,3,31,Sales,89115
EMP0103,Male,0.5,Junior,Consulting,MNC (2000+),1,Full-Time,12,1,0,0,1,Post-Graduate,Tier 2,3,22,Customer Support,28402
EMP0104,Male,12.7,Manager,Finance & Banking,SME (50-500),1,Full-Time,0,4,0,0,0,Post-Graduate,Tier 2,3,35,Finance,138796
EMP0105,Male,11.7,Senior,Healthcare,SME (50-500),1,Contract,0,4,0,1,0,Graduate,Tier 1,3,31,Engineering,102195
EMP0106,Male,3.4,Mid,FMCG,SME (50-500),0,Full-Time,0,1,0,0,1,High School,Tier 3,1,26,Engineering,35503
EMP0107,Female,0.5,Junior,Media,Startup (<50),1,Full-Time,0,0,0,0,1,Graduate,Tier 2,4,26,Marketing,26886
EMP0108,Male,13.1,Manager,Manufacturing,SME (50-500),0,Full-Time,0,4,0,1,1,Post-Graduate,Tier 1,3,29,Customer Support,91811
EMP0109,Male,10.5,Senior,Finance & Banking,MNC (2000+),0,Full-Time,0,4,0,1,1,Post-Graduate,Tier 2,3,38,Customer Support,89942
EMP0110,Male,8.5,Senior,Finance & Banking,MNC (2000+),0,Full-Time,0,3,0,0,1,Post-Graduate,Tier 1,5,33,Data & Analytics,152625
EMP0111,Male,16.9,Manager,FMCG,Large (500-2000),1,Full-Time,0,5,0,1,0,MBA,Tier 2,2,41,Data & Analytics,104819
EMP0112,Male,3.4,Mid,Manufacturing,SME (50-500),1,Full-Time,0,0,0,0,1,PhD,Tier 1,3,26,Operations,37401
EMP0113,Male,12.9,Manager,Retail,MNC (2000+),0,Full-Time,0,4,0,1,1,High School,Tier 2,5,30,Marketing,131531
EMP0114,Male,6.9,Senior,Manufacturing,Startup (<50),1,Full-Time,0,1,0,1,1,MBA,Tier 1,2,33,Engineering,83512
EMP0115,Male,15.7,Manager,Technology,MNC (2000+),1,Full-Time,0,4,0,1,0,Graduate,Tier 2,5,41,HR,150707
EMP0116,Female,0.5,Junior,Healthcare,SME (50-500),1,Full-Time,3,0,1,0,1,Graduate,Tier 3,3,22,Sales,26343
EMP0117,Female,6.3,Mid,Retail,Startup (<50),1,Full-Time,18,1,1,0,1,MBA,Tier 1,2,28,Sales,52098
EMP0118,Male,12.4,Senior,Manufacturing,SME (50-500),1,Full-Time,0,4,0,1,1,MBA,Tier 1,5,35,Customer Support,73390
EMP0119,Male,7.4,Senior,Technology,Large (500-2000),1,Full-Time,12,2,0,1,1,MBA,Tier 1,3,33,Finance,132107
EMP0120,Male,15.4,Manager,FMCG,Large (500-2000),1,Full-Time,0,4,0,0,1,MBA,Tier 1,1,35,Sales,103461
EMP0121,Female,7.9,Senior,Finance & Banking,SME (50-500),0,Contract,18,2,1,0,0,Post-Graduate,Tier 2,2,30,Admin,60274
EMP0122,Female,7.1,Mid,Education,MNC (2000+),0,Full-Time,24,2,0,0,0,Post-Graduate,Tier 1,2,30,Operations,44313
EMP0123,Male,11.6,Senior,Manufacturing,MNC (2000+),1,Full-Time,12,4,0,0,0,Graduate,Tier 1,2,35,Customer Support,78390
EMP0124,Female,10.2,Senior,Finance & Banking,Startup (<50),0,Full-Time,0,1,1,0,0,MBA,Tier 1,3,32,Finance,100139
EMP0125,Male,0.5,Junior,FMCG,SME (50-500),1,Part-Time,0,0,0,1,0,Post-Graduate,Tier 2,4,23,Sales,25501
EMP0126,Male,16.0,Manager,Healthcare,Startup (<50),0,Full-Time,18,4,0,1,1,High School,Tier 2,2,39,HR,69355
EMP0127,Male,8.4,Senior,Media,Large (500-2000),1,Full-Time,0,2,0,1,0,MBA,Tier 3,3,34,Data & Analytics,59464
EMP0128,Female,8.6,Senior,NGO / Social Sector,Startup (<50),0,Contract,0,1,1,0,0,High School,Tier 1,4,33,Customer Support,45568
EMP0129,Female,5.8,Mid,Finance & Banking,SME (50-500),0,Contract,12,1,0,0,0,Post-Graduate,Tier 1,4,30,Data & Analytics,101318
EMP0130,Male,13.3,Manager,Consulting,MNC (2000+),0,Full-Time,0,3,0,0,1,Post-Graduate,Tier 1,3,37,Finance,210080
EMP0131,Female,7.8,Senior,Finance & Banking,Startup (<50),0,Full-Time,0,1,0,0,0,MBA,Tier 1,3,30,Operations,103456
EMP0132,Male,8.4,Senior,Retail,Large (500-2000),0,Full-Time,3,1,0,1,1,Graduate,Tier 1,4,35,Marketing,71596
EMP0133,Female,12.2,Senior,Retail,Large (500-2000),1,Full-Time,0,2,0,0,0,High School,Tier 3,3,34,Operations,67848
EMP0134,Male,9.5,Senior,Retail,Large (500-2000),1,Full-Time,0,3,1,0,1,Graduate,Tier 3,4,37,Sales,70419
EMP0135,Female,5.8,Mid,Retail,SME (50-500),1,Full-Time,0,1,0,0,0,Graduate,Tier 2,4,29,Customer Support,35847
EMP0136,Male,12.7,Manager,Manufacturing,Large (500-2000),1,Full-Time,0,5,0,0,1,MBA,Tier 3,3,37,Finance,156884
EMP0137,Male,7.5,Senior,Manufacturing,Large (500-2000),1,Part-Time,0,4,1,1,1,High School,Tier 2,3,29,Data & Analytics,104874
EMP0138,Female,5.6,Mid,Media,SME (50-500),0,Full-Time,0,0,1,0,0,Graduate,Tier 1,2,25,Admin,37393
EMP0139,Male,15.0,Manager,Retail,Large (500-2000),1,Contract,0,6,0,1,0,Graduate,Tier 1,5,37,Data & Analytics,133524
EMP0140,Male,10.0,Senior,Healthcare,SME (50-500),1,Full-Time,12,2,1,1,1,MBA,Tier 2,3,34,Finance,82500
EMP0141,Male,0.5,Junior,Education,Startup (<50),1,Full-Time,0,0,1,0,0,Graduate,Tier 3,3,22,Marketing,20000
EMP0142,Male,12.1,Senior,Healthcare,Large (500-2000),0,Full-Time,0,3,0,1,1,PhD,Tier 1,4,33,Data & Analytics,105899
EMP0143,Female,10.3,Senior,Education,SME (50-500),0,Full-Time,24,1,0,0,0,MBA,Tier 3,2,31,Sales,46629
EMP0144,Female,5.8,Mid,Healthcare,SME (50-500),0,Full-Time,6,0,0,0,0,MBA,Tier 1,3,30,HR,46340
EMP0145,Female,8.5,Senior,Manufacturing,SME (50-500),0,Contract,0,2,1,0,0,MBA,Tier 1,4,32,Customer Support,73007
EMP0146,Male,5.8,Mid,Finance & Banking,SME (50-500),1,Full-Time,0,2,0,0,0,MBA,Tier 1,5,27,Finance,77803
EMP0147,Male,5.4,Mid,Finance & Banking,Startup (<50),1,Full-Time,6,2,1,0,1,Post-Graduate,Tier 1,3,26,Sales,67119
EMP0148,Female,10.0,Senior,Technology,SME (50-500),0,Full-Time,24,2,1,0,0,High School,Tier 1,2,36,Data & Analytics,134659
EMP0149,Male,6.7,Senior,Consulting,SME (50-500),1,Full-Time,18,1,0,1,0,Post-Graduate,Tier 3,3,27,Legal,91701
EMP0150,Male,6.5,Senior,Finance & Banking,Large (500-2000),1,Full-Time,0,3,1,1,0,MBA,Tier 1,2,29,Legal,108677
EMP0151,Male,19.4,Director,Finance & Banking,SME (50-500),1,Full-Time,0,5,0,0,1,PhD,Tier 2,5,43,Finance,283576
EMP0152,Female,8.8,Senior,Education,SME (50-500),0,Full-Time,3,2,0,0,0,PhD,Tier 2,4,31,HR,50900
EMP0153,Female,8.9,Senior,Technology,SME (50-500),0,Contract,0,2,1,0,0,MBA,Tier 3,5,33,Marketing,87754
EMP0154,Male,16.9,Manager,Technology,MNC (2000+),1,Full-Time,12,5,0,1,0,Post-Graduate,Tier 3,2,41,Customer Support,107318
EMP0155,Male,11.0,Senior,Healthcare,Large (500-2000),1,Full-Time,3,3,0,1,0,Graduate,Tier 3,4,32,Engineering,94092
EMP0156,Male,13.0,Manager,Media,Startup (<50),1,Full-Time,0,4,0,1,0,Graduate,Tier 1,3,31,Finance,103314
EMP0157,Male,6.4,Senior,NGO / Social Sector,Startup (<50),1,Full-Time,18,3,0,0,0,Graduate,Tier 2,2,27,Engineering,48435
EMP0158,Female,8.7,Senior,Retail,Large (500-2000),0,Full-Time,12,0,1,1,0,Post-Graduate,Tier 1,2,33,HR,69683
EMP0159,Male,2.4,Mid,Healthcare,Startup (<50),1,Full-Time,0,0,0,0,1,Post-Graduate,Tier 2,2,29,Finance,34578
EMP0160,Male,7.5,Senior,Consulting,SME (50-500),0,Full-Time,6,2,0,0,0,MBA,Tier 2,2,29,Data & Analytics,83303
EMP0161,Female,6.7,Mid,Media,SME (50-500),0,Part-Time,24,2,1,0,0,Post-Graduate,Tier 1,4,28,Engineering,47051
EMP0162,Male,18.7,Manager,Manufacturing,SME (50-500),1,Full-Time,0,4,0,1,0,Graduate,Tier 1,1,41,Finance,131276
EMP0163,Male,6.8,Mid,FMCG,Startup (<50),1,Full-Time,0,2,0,1,0,Post-Graduate,Tier 3,2,31,Sales,29625
EMP0164,Female,9.3,Senior,Retail,SME (50-500),0,Full-Time,3,2,1,0,0,Post-Graduate,Tier 2,3,32,Engineering,72056
EMP0165,Female,8.5,Senior,Technology,SME (50-500),1,Full-Time,3,1,0,0,0,Post-Graduate,Tier 3,3,29,Marketing,85527
EMP0166,Male,6.4,Senior,Media,MNC (2000+),1,Full-Time,6,0,0,0,0,PhD,Tier 1,4,25,Data & Analytics,92026
EMP0167,Male,20.2,Director,Retail,Startup (<50),1,Contract,0,5,0,0,1,Graduate,Tier 2,3,45,Engineering,170709
EMP0168,Male,6.7,Senior,FMCG,Startup (<50),1,Full-Time,0,3,1,1,1,Post-Graduate,Tier 3,4,28,Engineering,73058
EMP0169,Female,7.4,Mid,Consulting,SME (50-500),0,Contract,18,1,0,0,0,Post-Graduate,Tier 2,3,30,Operations,50137
EMP0170,Female,12.8,Senior,NGO / Social Sector,Startup (<50),1,Full-Time,18,3,1,1,0,PhD,Tier 2,2,35,Operations,48647
EMP0171,Male,6.2,Mid,Finance & Banking,SME (50-500),1,Full-Time,0,2,0,0,0,MBA,Tier 3,3,27,HR,44345
EMP0172,Male,9.3,Senior,Technology,SME (50-500),1,Full-Time,3,2,0,1,0,MBA,Tier 1,4,35,Legal,115438
EMP0173,Female,7.1,Mid,Education,SME (50-500),1,Full-Time,0,2,0,0,0,Post-Graduate,Tier 3,4,28,Finance,38941
EMP0174,Male,6.9,Senior,Healthcare,SME (50-500),1,Contract,0,2,0,1,1,MBA,Tier 1,4,28,Finance,73843
EMP0175,Male,12.2,Senior,Finance & Banking,MNC (2000+),0,Full-Time,3,2,1,0,1,MBA,Tier 1,4,34,Data & Analytics,122562
EMP0176,Male,12.3,Manager,Retail,SME (50-500),0,Full-Time,0,3,0,1,1,Post-Graduate,Tier 1,3,34,Legal,108199
EMP0177,Male,12.7,Manager,Finance & Banking,SME (50-500),1,Full-Time,0,3,0,1,0,MBA,Tier 1,4,37,Legal,157036
EMP0178,Female,4.0,Mid,Education,SME (50-500),1,Full-Time,12,0,1,0,0,PhD,Tier 1,2,23,Marketing,39758
EMP0179,Female,14.7,Manager,Consulting,SME (50-500),1,Part-Time,6,3,0,0,0,Post-Graduate,Tier 2,2,34,Data & Analytics,223139
EMP0180,Female,6.6,Mid,Technology,SME (50-500),0,Full-Time,24,2,0,0,1,Post-Graduate,Tier 2,5,29,HR,60937
EMP0181,Female,12.2,Senior,Education,Startup (<50),1,Full-Time,24,3,1,0,1,Graduate,Tier 1,5,33,HR,47420
EMP0182,Female,6.6,Mid,Retail,Large (500-2000),1,Full-Time,18,0,1,0,1,MBA,Tier 3,3,31,Sales,39763
EMP0183,Male,3.6,Mid,Retail,Startup (<50),0,Full-Time,0,0,0,1,0,Graduate,Tier 2,4,26,Data & Analytics,48163
EMP0184,Female,12.7,Senior,Education,MNC (2000+),1,Full-Time,0,2,0,1,0,Post-Graduate,Tier 1,3,33,Finance,108274
EMP0185,Female,12.9,Manager,Healthcare,Large (500-2000),0,Full-Time,0,3,1,0,0,Post-Graduate,Tier 3,4,35,Finance,143977
EMP0186,Female,2.0,Junior,Healthcare,SME (50-500),0,Full-Time,12,1,0,1,1,PhD,Tier 2,3,26,Marketing,25267
EMP0187,Male,4.1,Mid,Technology,Large (500-2000),1,Part-Time,0,1,0,1,0,MBA,Tier 2,2,23,Legal,54997
EMP0188,Male,7.1,Senior,Healthcare,SME (50-500),1,Contract,0,2,0,0,0,MBA,Tier 1,2,27,Finance,94361
EMP0189,Female,2.5,Junior,Consulting,Large (500-2000),1,Full-Time,0,0,1,0,0,MBA,Tier 3,3,22,HR,24453
EMP0190,Male,9.2,Senior,Manufacturing,SME (50-500),0,Full-Time,0,3,0,0,1,Graduate,Tier 1,3,28,Finance,91897
EMP0191,Female,9.5,Senior,Consulting,SME (50-500),1,Full-Time,12,3,1,0,0,Graduate,Tier 2,4,29,Sales,107242
EMP0192,Male,9.6,Senior,Finance & Banking,MNC (2000+),1,Full-Time,12,4,0,0,1,Graduate,Tier 3,4,35,Sales,84060
EMP0193,Female,5.9,Mid,Education,Large (500-2000),0,Full-Time,0,1,0,0,0,Post-Graduate,Tier 2,1,29,Customer Support,38320
EMP0194,Female,13.0,Senior,Technology,SME (50-500),0,Full-Time,18,2,0,1,1,Post-Graduate,Tier 2,1,35,Operations,70283
EMP0195,Male,2.0,Junior,Manufacturing,Startup (<50),0,Contract,0,1,0,1,1,MBA,Tier 2,5,25,Finance,20000
EMP0196,Male,13.4,Manager,Consulting,MNC (2000+),0,Full-Time,0,3,1,0,1,MBA,Tier 2,3,38,Data & Analytics,144608
EMP0197,Male,10.3,Senior,Consulting,Large (500-2000),1,Full-Time,0,5,0,0,0,MBA,Tier 2,5,35,Data & Analytics,107651
EMP0198,Male,8.2,Senior,Finance & Banking,Large (500-2000),0,Full-Time,18,2,0,0,1,MBA,Tier 1,3,32,HR,88084
EMP0199,Female,12.5,Senior,Education,Startup (<50),1,Contract,3,3,1,0,1,MBA,Tier 1,4,35,Data & Analytics,78263
EMP0200,Male,3.8,Mid,Technology,SME (50-500),1,Full-Time,0,1,0,1,0,Post-Graduate,Tier 1,1,31,Legal,66732
EMP0201,Male,8.3,Senior,Manufacturing,SME (50-500),0,Full-Time,0,3,0,1,1,Post-Graduate,Tier 2,4,31,Finance,87375
EMP0202,Female,18.6,Manager,Education,SME (50-500),0,Full-Time,12,4,1,0,0,Post-Graduate,Tier 3,3,41,HR,64105
EMP0203,Female,12.0,Senior,Manufacturing,Startup (<50),0,Full-Time,18,3,1,0,0,Graduate,Tier 2,4,33,Marketing,65811
EMP0204,Male,12.5,Manager,Education,MNC (2000+),0,Full-Time,0,5,0,0,1,Graduate,Tier 1,3,32,Admin,62457
EMP0205,Female,6.9,Mid,Healthcare,Large (500-2000),1,Full-Time,18,1,0,0,1,Post-Graduate,Tier 2,4,29,Operations,55510
EMP0206,Male,5.6,Mid,Healthcare,Startup (<50),1,Full-Time,18,2,0,1,0,Graduate,Tier 1,4,27,HR,33130
EMP0207,Female,6.0,Mid,Education,SME (50-500),1,Full-Time,3,1,0,0,1,Post-Graduate,Tier 3,2,28,Sales,45502
EMP0208,Male,7.2,Senior,Technology,MNC (2000+),0,Full-Time,0,2,1,0,0,Post-Graduate,Tier 1,4,26,HR,100457
EMP0209,Female,12.5,Senior,Consulting,SME (50-500),0,Full-Time,6,3,1,1,1,Graduate,Tier 1,2,35,Customer Support,94305
EMP0210,Male,11.2,Senior,FMCG,Startup (<50),0,Full-Time,3,3,0,1,0,High School,Tier 2,4,37,HR,39487
EMP0211,Female,4.7,Mid,Education,Large (500-2000),0,Full-Time,6,0,1,0,0,High School,Tier 2,2,28,Admin,26511
EMP0212,Male,10.0,Senior,Finance & Banking,Large (500-2000),1,Full-Time,0,2,0,0,1,Graduate,Tier 1,3,30,Customer Support,99822
EMP0213,Male,8.4,Senior,Media,Large (500-2000),1,Part-Time,0,3,0,1,1,Post-Graduate,Tier 1,4,30,Operations,70042
EMP0214,Male,12.0,Senior,Technology,SME (50-500),0,Full-Time,0,3,0,1,0,MBA,Tier 1,5,35,Sales,145505
EMP0215,Female,3.5,Mid,Technology,Startup (<50),0,Full-Time,0,0,0,0,0,MBA,Tier 2,4,25,Admin,49251
EMP0216,Male,3.2,Mid,Media,MNC (2000+),0,Full-Time,18,1,0,0,0,Graduate,Tier 1,5,29,Data & Analytics,58983
EMP0217,Male,9.8,Senior,Technology,SME (50-500),1,Full-Time,0,3,0,0,1,Post-Graduate,Tier 1,4,35,Sales,120870
EMP0218,Female,11.8,Senior,Consulting,Large (500-2000),0,Full-Time,18,1,0,0,0,Post-Graduate,Tier 1,4,34,Admin,74284
EMP0219,Female,17.1,Manager,NGO / Social Sector,Large (500-2000),1,Full-Time,12,3,1,1,0,Post-Graduate,Tier 1,2,41,Sales,95799
EMP0220,Male,12.4,Manager,Finance & Banking,Startup (<50),0,Full-Time,3,5,0,1,1,MBA,Tier 3,2,34,Admin,85642
EMP0221,Male,9.0,Senior,Healthcare,SME (50-500),0,Full-Time,0,4,0,1,1,Graduate,Tier 1,5,28,Operations,66285
EMP0222,Male,14.0,Manager,Finance & Banking,Large (500-2000),1,Full-Time,0,4,0,1,1,Graduate,Tier 1,4,36,Operations,155297
EMP0223,Female,6.5,Mid,Education,SME (50-500),1,Full-Time,0,1,0,0,0,Graduate,Tier 2,3,32,Finance,41347
EMP0224,Female,8.8,Senior,Finance & Banking,MNC (2000+),0,Full-Time,3,2,1,1,0,Post-Graduate,Tier 1,2,31,Legal,152119
EMP0225,Female,9.2,Senior,NGO / Social Sector,SME (50-500),0,Part-Time,3,1,0,0,0,Graduate,Tier 2,5,30,Marketing,41312
EMP0226,Male,11.1,Senior,Consulting,Large (500-2000),0,Full-Time,0,4,0,0,1,Graduate,Tier 2,4,33,Engineering,104315
EMP0227,Male,16.7,Manager,NGO / Social Sector,SME (50-500),0,Full-Time,0,5,0,0,0,Post-Graduate,Tier 1,5,41,HR,59121
EMP0228,Female,6.0,Mid,Technology,SME (50-500),0,Full-Time,6,1,0,1,0,MBA,Tier 3,4,26,Customer Support,57490
EMP0229,Male,6.5,Mid,Technology,MNC (2000+),0,Full-Time,0,1,0,1,1,Graduate,Tier 3,4,34,Operations,55959
EMP0230,Female,3.1,Junior,Healthcare,Startup (<50),0,Full-Time,0,1,0,0,1,PhD,Tier 1,4,25,Marketing,31461
EMP0231,Male,9.1,Senior,Technology,SME (50-500),0,Full-Time,0,2,1,1,1,Graduate,Tier 3,3,33,Finance,101934
EMP0232,Male,19.3,Manager,Media,Startup (<50),0,Full-Time,0,6,0,1,1,Post-Graduate,Tier 1,3,45,Sales,99872
EMP0233,Female,5.0,Mid,Retail,MNC (2000+),0,Part-Time,0,2,1,1,0,MBA,Tier 3,2,25,HR,33034
EMP0234,Male,12.3,Senior,Technology,Startup (<50),1,Full-Time,0,2,1,0,0,Graduate,Tier 1,3,37,Legal,98559
EMP0235,Male,3.0,Mid,Consulting,Startup (<50),1,Full-Time,0,1,0,0,0,MBA,Tier 1,4,27,Operations,52335
EMP0236,Male,8.9,Senior,Media,Large (500-2000),0,Full-Time,6,2,0,0,1,Graduate,Tier 2,5,36,Data & Analytics,84212
EMP0237,Male,4.2,Mid,Technology,SME (50-500),1,Full-Time,0,2,0,0,0,Post-Graduate,Tier 1,3,24,Sales,86722
EMP0238,Male,15.4,Manager,Healthcare,MNC (2000+),0,Full-Time,0,5,1,0,1,Graduate,Tier 3,5,35,Engineering,163077
EMP0239,Female,6.9,Mid,Finance & Banking,Large (500-2000),0,Full-Time,0,2,0,0,0,Post-Graduate,Tier 3,5,30,Legal,71371
EMP0240,Female,8.1,Senior,NGO / Social Sector,Startup (<50),0,Contract,0,2,1,0,0,MBA,Tier 2,4,30,Finance,65192
EMP0241,Male,11.0,Senior,Healthcare,Startup (<50),1,Full-Time,0,4,0,1,0,MBA,Tier 1,2,31,Sales,61877
EMP0242,Female,6.8,Mid,Consulting,Startup (<50),1,Full-Time,0,1,1,0,0,MBA,Tier 3,4,30,Customer Support,49195
EMP0243,Male,14.5,Manager,Finance & Banking,SME (50-500),1,Full-Time,0,4,0,1,1,Graduate,Tier 2,3,38,HR,100113
EMP0244,Male,11.1,Senior,Media,Startup (<50),0,Full-Time,0,3,1,1,0,Post-Graduate,Tier 3,3,33,Engineering,60427
EMP0245,Male,13.4,Manager,NGO / Social Sector,MNC (2000+),0,Contract,0,4,0,0,1,Post-Graduate,Tier 2,2,33,Marketing,82545
EMP0246,Male,8.4,Senior,FMCG,Large (500-2000),0,Full-Time,0,2,0,1,0,PhD,Tier 2,4,32,Engineering,77066
EMP0247,Male,10.5,Senior,Media,Startup (<50),1,Full-Time,0,3,0,1,1,Graduate,Tier 1,2,38,HR,47151
EMP0248,Male,12.5,Senior,FMCG,Large (500-2000),0,Full-Time,12,3,0,0,0,PhD,Tier 1,2,36,Sales,62194
EMP0249,Male,3.5,Mid,Technology,Large (500-2000),0,Full-Time,0,1,0,1,1,High School,Tier 2,2,31,Admin,40327
EMP0250,Male,9.9,Senior,Education,Large (500-2000),1,Full-Time,18,3,0,1,1,Post-Graduate,Tier 2,3,33,Engineering,63072
EMP0251,Female,3.4,Junior,Retail,SME (50-500),1,Full-Time,3,1,0,0,0,MBA,Tier 3,3,27,Customer Support,14000
EMP0252,Male,1.9,Junior,Media,SME (50-500),1,Part-Time,0,0,0,1,0,Post-Graduate,Tier 1,3,25,Finance,24874
EMP0253,Male,19.8,Manager,Finance & Banking,Large (500-2000),0,Full-Time,3,6,0,1,1,Post-Graduate,Tier 1,3,42,Customer Support,145092
EMP0254,Male,8.0,Senior,Finance & Banking,Startup (<50),1,Full-Time,0,2,1,0,1,PhD,Tier 2,4,33,Customer Support,55977
EMP0255,Male,8.0,Senior,Healthcare,Startup (<50),1,Full-Time,0,2,0,1,0,Graduate,Tier 3,4,30,Legal,74286
EMP0256,Female,10.0,Senior,Retail,Startup (<50),0,Full-Time,6,2,1,0,0,MBA,Tier 2,3,35,Legal,68675
EMP0257,Female,11.6,Senior,FMCG,SME (50-500),0,Contract,6,2,1,1,0,Post-Graduate,Tier 2,3,32,Sales,93638
EMP0258,Male,8.3,Senior,Consulting,Large (500-2000),1,Full-Time,0,1,0,0,1,Graduate,Tier 1,5,29,Engineering,163962
EMP0259,Male,7.9,Senior,Education,Large (500-2000),1,Full-Time,0,2,0,0,1,Post-Graduate,Tier 1,1,30,Finance,74982
EMP0260,Male,4.9,Mid,Consulting,MNC (2000+),0,Full-Time,0,2,0,1,0,PhD,Tier 1,4,26,Finance,87218
EMP0261,Male,9.5,Senior,NGO / Social Sector,SME (50-500),0,Full-Time,0,3,1,1,1,High School,Tier 2,4,29,HR,27873
EMP0262,Female,8.4,Senior,Education,Startup (<50),0,Contract,0,2,0,0,1,MBA,Tier 1,4,29,Admin,36169
EMP0263,Female,8.3,Senior,Healthcare,Startup (<50),0,Full-Time,0,2,1,1,0,MBA,Tier 2,1,33,Legal,71255
EMP0264,Male,3.9,Mid,Education,Large (500-2000),1,Full-Time,0,0,0,1,0,MBA,Tier 1,4,26,Legal,45794
EMP0265,Male,10.1,Senior,Consulting,Large (500-2000),1,Full-Time,0,3,0,1,0,PhD,Tier 2,2,33,Finance,121063
EMP0266,Male,10.7,Senior,Retail,MNC (2000+),1,Part-Time,18,4,0,0,1,Graduate,Tier 3,4,33,Customer Support,54732
EMP0267,Male,0.5,Junior,Technology,Startup (<50),1,Full-Time,0,1,0,0,1,MBA,Tier 2,3,22,Data & Analytics,33155
EMP0268,Female,11.2,Senior,Media,Large (500-2000),1,Part-Time,6,2,1,0,0,Post-Graduate,Tier 1,3,32,Engineering,104162
EMP0269,Male,6.3,Mid,Manufacturing,MNC (2000+),1,Contract,0,2,0,0,0,Graduate,Tier 1,2,29,Customer Support,41454
EMP0270,Female,6.8,Mid,Consulting,SME (50-500),0,Full-Time,0,0,1,1,0,Post-Graduate,Tier 3,4,29,HR,37707
EMP0271,Male,17.3,Manager,Technology,MNC (2000+),1,Full-Time,3,5,0,0,0,Graduate,Tier 2,1,39,Sales,146203
EMP0272,Male,12.3,Manager,Finance & Banking,SME (50-500),0,Full-Time,0,3,0,0,0,Graduate,Tier 1,1,35,Engineering,192274
EMP0273,Male,8.5,Senior,Manufacturing,Large (500-2000),1,Full-Time,0,3,0,0,0,Graduate,Tier 2,5,32,Finance,96310
EMP0274,Male,10.3,Senior,Healthcare,Large (500-2000),1,Full-Time,0,4,0,1,0,Graduate,Tier 1,4,36,Finance,88873
EMP0275,Male,11.6,Senior,Retail,SME (50-500),1,Full-Time,0,3,0,1,0,MBA,Tier 2,4,35,HR,45331
EMP0276,Male,2.3,Junior,Manufacturing,Startup (<50),1,Full-Time,0,1,0,0,1,MBA,Tier 1,3,24,Engineering,22464
EMP0277,Male,6.5,Senior,Finance & Banking,Large (500-2000),0,Full-Time,6,2,0,1,1,Graduate,Tier 3,3,27,Sales,92859
EMP0278,Male,9.7,Senior,Manufacturing,SME (50-500),0,Full-Time,0,3,0,1,0,High School,Tier 2,4,32,Engineering,98020
EMP0279,Female,16.9,Manager,Consulting,Large (500-2000),0,Full-Time,0,3,1,1,1,Post-Graduate,Tier 2,5,46,Marketing,199868
EMP0280,Male,10.6,Senior,Consulting,Large (500-2000),1,Full-Time,0,2,0,0,1,MBA,Tier 1,4,29,Marketing,117696
EMP0281,Male,13.3,Manager,Finance & Banking,Large (500-2000),1,Full-Time,0,4,0,1,1,High School,Tier 3,3,39,HR,128455
EMP0282,Female,19.6,Manager,Technology,Startup (<50),1,Full-Time,3,5,1,0,0,MBA,Tier 2,3,42,Sales,162433
EMP0283,Male,10.7,Senior,Healthcare,MNC (2000+),0,Full-Time,6,2,0,1,0,Graduate,Tier 1,5,32,Finance,98324
EMP0284,Female,7.9,Senior,Education,SME (50-500),0,Full-Time,18,1,1,0,0,MBA,Tier 2,3,29,Finance,63180
EMP0285,Female,0.5,Junior,Retail,Startup (<50),1,Contract,12,0,0,0,0,Post-Graduate,Tier 1,5,23,HR,21602
EMP0286,Male,12.0,Manager,FMCG,Large (500-2000),0,Full-Time,0,4,0,1,0,MBA,Tier 2,3,32,Data & Analytics,102854
EMP0287,Female,4.1,Mid,NGO / Social Sector,MNC (2000+),1,Full-Time,0,0,0,0,1,MBA,Tier 2,2,27,Customer Support,33747
EMP0288,Female,11.3,Senior,Technology,MNC (2000+),1,Full-Time,0,2,0,0,0,Post-Graduate,Tier 3,3,33,Data & Analytics,138761
EMP0289,Female,6.9,Mid,Technology,SME (50-500),0,Part-Time,0,2,1,0,0,Post-Graduate,Tier 3,3,27,Sales,81922
EMP0290,Female,3.9,Mid,Manufacturing,Startup (<50),0,Full-Time,24,0,0,1,0,Graduate,Tier 1,2,22,Sales,44383
EMP0291,Female,14.4,Manager,NGO / Social Sector,Startup (<50),0,Full-Time,18,2,0,0,1,Post-Graduate,Tier 3,2,42,HR,41755
EMP0292,Male,3.7,Mid,Healthcare,Large (500-2000),0,Full-Time,0,1,0,0,0,Graduate,Tier 1,2,26,Admin,31002
EMP0293,Male,5.6,Mid,Technology,SME (50-500),1,Full-Time,18,1,0,0,1,MBA,Tier 1,3,29,Legal,58175
EMP0294,Female,10.0,Senior,Media,SME (50-500),1,Full-Time,6,1,1,0,1,Post-Graduate,Tier 3,3,34,Marketing,65257
EMP0295,Female,4.4,Junior,Manufacturing,SME (50-500),0,Full-Time,0,0,1,0,0,Post-Graduate,Tier 2,2,28,Finance,31575
EMP0296,Female,0.7,Junior,NGO / Social Sector,Startup (<50),1,Full-Time,0,0,1,0,1,Graduate,Tier 3,4,26,Engineering,22286
EMP0297,Male,10.7,Senior,Manufacturing,MNC (2000+),1,Full-Time,0,2,0,1,0,MBA,Tier 1,3,32,Sales,100702
EMP0298,Female,10.8,Senior,Healthcare,Large (500-2000),0,Full-Time,6,2,0,0,0,Post-Graduate,Tier 1,3,34,Customer Support,80980
EMP0299,Male,13.5,Manager,Finance & Banking,Startup (<50),0,Full-Time,0,4,0,1,1,High School,Tier 2,4,33,Legal,135376
EMP0300,Male,9.0,Senior,Healthcare,SME (50-500),1,Full-Time,12,3,0,1,1,Post-Graduate,Tier 2,3,29,Sales,64681
EMP0301,Male,5.8,Mid,Technology,SME (50-500),0,Full-Time,0,1,0,1,1,Post-Graduate,Tier 3,1,32,Data & Analytics,58466
EMP0302,Female,6.2,Mid,Media,SME (50-500),1,Contract,6,2,0,0,0,MBA,Tier 3,4,28,Marketing,44279
EMP0303,Male,19.6,Director,FMCG,Startup (<50),0,Full-Time,0,7,0,0,0,MBA,Tier 1,3,39,Data & Analytics,188819
EMP0304,Male,10.8,Senior,Media,MNC (2000+),1,Full-Time,0,4,0,0,1,MBA,Tier 1,3,34,Operations,68509
EMP0305,Male,6.9,Senior,Healthcare,SME (50-500),0,Full-Time,0,2,0,1,1,Graduate,Tier 1,3,30,Sales,87598
EMP0306,Male,13.2,Manager,Healthcare,Startup (<50),0,Contract,0,3,0,1,1,MBA,Tier 3,5,36,Operations,89940
EMP0307,Female,10.3,Senior,FMCG,Large (500-2000),0,Full-Time,3,1,1,0,0,Graduate,Tier 1,4,33,Admin,78141
EMP0308,Female,4.4,Mid,Retail,Large (500-2000),0,Full-Time,12,0,1,0,0,Graduate,Tier 1,3,31,Marketing,45332
EMP0309,Female,2.8,Junior,Technology,Startup (<50),1,Full-Time,12,0,0,0,0,Graduate,Tier 2,5,26,Customer Support,31882
EMP0310,Female,8.6,Senior,FMCG,SME (50-500),0,Full-Time,0,3,0,0,0,Post-Graduate,Tier 2,4,25,Customer Support,63728
EMP0311,Male,3.4,Mid,FMCG,Large (500-2000),1,Full-Time,12,1,0,1,0,MBA,Tier 3,1,26,Legal,38945
EMP0312,Female,7.3,Senior,FMCG,MNC (2000+),0,Full-Time,0,1,0,0,0,Graduate,Tier 1,4,33,Customer Support,85986
EMP0313,Male,11.8,Senior,Consulting,SME (50-500),1,Full-Time,6,3,0,1,0,Graduate,Tier 1,5,33,Data & Analytics,96560
EMP0314,Male,9.6,Senior,Healthcare,MNC (2000+),1,Contract,0,3,0,0,0,Graduate,Tier 1,3,30,Marketing,101470
EMP0315,Male,10.7,Senior,Education,Large (500-2000),1,Full-Time,0,2,1,0,1,Post-Graduate,Tier 3,4,32,Engineering,62261
EMP0316,Female,8.5,Senior,Retail,Large (500-2000),0,Part-Time,0,2,0,0,0,MBA,Tier 2,1,31,Marketing,65514
EMP0317,Male,11.1,Senior,Technology,Startup (<50),1,Full-Time,12,3,0,0,0,Graduate,Tier 2,5,32,Operations,79426
EMP0318,Male,15.5,Manager,Finance & Banking,Large (500-2000),1,Full-Time,6,4,1,0,0,Graduate,Tier 1,4,37,Legal,191415
EMP0319,Male,12.5,Senior,Consulting,SME (50-500),1,Contract,0,4,0,1,1,Post-Graduate,Tier 1,4,35,Engineering,114885
EMP0320,Male,12.3,Senior,Manufacturing,Large (500-2000),0,Full-Time,0,4,0,1,1,Graduate,Tier 2,3,34,Marketing,56497
EMP0321,Female,8.3,Mid,Education,Large (500-2000),0,Part-Time,12,1,1,0,0,Post-Graduate,Tier 2,5,30,HR,32513
EMP0322,Male,9.2,Senior,Technology,Startup (<50),0,Contract,0,3,0,1,0,Post-Graduate,Tier 2,4,31,HR,54129
EMP0323,Female,3.8,Mid,Media,Startup (<50),0,Full-Time,24,0,0,0,0,MBA,Tier 3,1,24,HR,24778
EMP0324,Male,18.2,Manager,Technology,Startup (<50),1,Full-Time,3,4,0,1,0,Post-Graduate,Tier 1,2,42,Operations,136135
EMP0325,Female,10.7,Senior,Technology,MNC (2000+),0,Full-Time,24,2,0,0,1,Graduate,Tier 1,2,31,HR,117659
EMP0326,Male,13.0,Manager,Finance & Banking,Startup (<50),0,Full-Time,12,4,0,0,0,Post-Graduate,Tier 1,2,35,Sales,142644
EMP0327,Male,11.4,Senior,Retail,SME (50-500),1,Full-Time,0,3,0,1,0,Graduate,Tier 2,2,34,Engineering,90701
EMP0328,Male,15.1,Manager,FMCG,SME (50-500),0,Full-Time,3,4,0,1,0,Post-Graduate,Tier 1,4,36,Sales,98005
EMP0329,Male,14.3,Manager,Technology,SME (50-500),1,Full-Time,3,4,0,0,1,MBA,Tier 2,3,38,Legal,140351
EMP0330,Female,6.6,Mid,Manufacturing,Startup (<50),1,Full-Time,6,2,1,0,0,Post-Graduate,Tier 1,3,30,Customer Support,48076
EMP0331,Female,1.0,Junior,Healthcare,SME (50-500),1,Full-Time,6,0,1,1,0,PhD,Tier 3,4,22,Customer Support,26363
EMP0332,Male,13.0,Manager,Finance & Banking,MNC (2000+),0,Full-Time,0,3,0,0,1,MBA,Tier 2,4,36,Finance,180838
EMP0333,Male,17.6,Manager,Consulting,SME (50-500),0,Full-Time,0,5,1,0,0,MBA,Tier 2,3,44,Sales,128612
EMP0334,Male,6.4,Mid,Finance & Banking,MNC (2000+),1,Full-Time,0,2,0,0,1,Post-Graduate,Tier 1,4,31,Finance,92694
EMP0335,Male,14.0,Manager,Technology,MNC (2000+),1,Full-Time,3,4,0,1,0,Graduate,Tier 2,5,36,Sales,169584
EMP0336,Male,12.8,Manager,Technology,SME (50-500),0,Contract,3,3,1,0,1,Graduate,Tier 1,3,37,Finance,210212
EMP0337,Male,10.7,Senior,Finance & Banking,Startup (<50),1,Full-Time,0,1,0,0,1,Graduate,Tier 3,2,37,Operations,65048
EMP0338,Female,11.1,Senior,Retail,SME (50-500),1,Full-Time,24,2,1,0,0,Post-Graduate,Tier 2,5,34,Engineering,95815
EMP0339,Female,4.4,Mid,Education,Startup (<50),0,Full-Time,24,0,0,0,1,Post-Graduate,Tier 1,2,29,Operations,29537
EMP0340,Female,6.3,Mid,Manufacturing,MNC (2000+),1,Contract,3,1,1,1,1,Graduate,Tier 1,4,28,HR,59453
EMP0341,Male,13.3,Manager,Healthcare,MNC (2000+),1,Full-Time,0,4,0,1,0,PhD,Tier 2,3,39,Sales,131366
EMP0342,Male,12.0,Manager,Technology,MNC (2000+),1,Full-Time,0,4,0,1,0,Post-Graduate,Tier 2,4,36,Finance,172098
EMP0343,Male,13.2,Senior,Healthcare,MNC (2000+),1,Contract,0,4,0,0,1,Post-Graduate,Tier 3,2,35,Operations,73319
EMP0344,Male,8.8,Senior,Technology,Large (500-2000),1,Full-Time,0,2,0,1,1,MBA,Tier 1,3,33,Data & Analytics,167201
EMP0345,Male,12.3,Senior,FMCG,MNC (2000+),1,Full-Time,0,4,0,1,1,Graduate,Tier 1,1,37,Engineering,94404
EMP0346,Female,2.5,Junior,Education,SME (50-500),0,Part-Time,12,0,1,0,0,Post-Graduate,Tier 2,3,26,HR,15171
EMP0347,Male,10.5,Senior,Consulting,Large (500-2000),0,Full-Time,0,4,0,0,1,Post-Graduate,Tier 1,5,32,Sales,124384
EMP0348,Male,5.2,Mid,FMCG,Large (500-2000),1,Full-Time,0,2,0,1,1,Graduate,Tier 1,4,25,HR,38888
EMP0349,Female,4.9,Mid,Media,Startup (<50),0,Contract,6,1,0,0,1,MBA,Tier 3,5,25,HR,26351
EMP0350,Male,6.6,Mid,FMCG,Large (500-2000),1,Full-Time,3,2,0,0,1,MBA,Tier 1,4,28,Legal,60470
EMP0351,Female,9.0,Senior,Education,Startup (<50),0,Full-Time,0,2,0,1,0,Graduate,Tier 2,3,32,Sales,51540
EMP0352,Male,9.4,Senior,FMCG,SME (50-500),1,Full-Time,0,3,0,1,1,MBA,Tier 2,4,33,Engineering,94471
EMP0353,Male,22.4,Director,Manufacturing,SME (50-500),1,Full-Time,0,7,0,1,1,MBA,Tier 1,4,42,Finance,283576
EMP0354,Female,13.3,Senior,NGO / Social Sector,Large (500-2000),0,Full-Time,0,3,0,0,0,MBA,Tier 2,4,35,HR,52393
EMP0355,Male,16.9,Manager,FMCG,MNC (2000+),1,Full-Time,0,4,0,0,1,High School,Tier 1,3,39,Sales,113791
EMP0356,Male,6.8,Mid,Technology,Large (500-2000),1,Contract,0,2,0,0,1,Post-Graduate,Tier 1,4,32,Engineering,87495
EMP0357,Female,4.9,Mid,Healthcare,SME (50-500),0,Part-Time,0,0,1,0,1,MBA,Tier 3,5,28,Operations,47448
EMP0358,Female,7.2,Mid,Consulting,Startup (<50),0,Full-Time,0,1,0,0,0,Post-Graduate,Tier 1,3,29,Marketing,54103
EMP0359,Male,12.6,Manager,Technology,SME (50-500),1,Full-Time,6,3,0,1,1,MBA,Tier 3,1,38,Data & Analytics,132661
EMP0360,Male,7.0,Senior,Consulting,Large (500-2000),1,Full-Time,12,2,0,1,1,MBA,Tier 1,4,30,Finance,124663
EMP0361,Male,8.8,Senior,Finance & Banking,SME (50-500),1,Full-Time,0,2,0,0,1,Graduate,Tier 1,4,33,Sales,124909
EMP0362,Male,7.8,Senior,Manufacturing,MNC (2000+),1,Full-Time,0,2,0,1,0,Post-Graduate,Tier 1,3,32,Sales,99079
EMP0363,Male,8.2,Senior,Technology,Large (500-2000),1,Full-Time,0,2,0,0,0,Post-Graduate,Tier 1,3,32,Sales,126417
EMP0364,Female,4.2,Mid,Education,Startup (<50),0,Full-Time,18,0,0,0,0,High School,Tier 1,3,27,HR,26480
EMP0365,Female,10.8,Senior,Media,Large (500-2000),1,Full-Time,6,1,0,0,1,MBA,Tier 2,5,33,Sales,109935
EMP0366,Female,8.6,Senior,Consulting,Startup (<50),1,Full-Time,6,1,0,0,0,Post-Graduate,Tier 3,2,34,HR,64223
EMP0367,Female,9.0,Senior,Technology,Large (500-2000),0,Full-Time,12,1,1,0,1,Post-Graduate,Tier 2,4,34,Data & Analytics,117809
EMP0368,Female,13.6,Manager,NGO / Social Sector,MNC (2000+),0,Full-Time,3,3,1,0,0,PhD,Tier 1,4,35,Finance,110177
EMP0369,Female,10.0,Senior,Technology,Large (500-2000),0,Full-Time,3,2,1,1,0,MBA,Tier 2,3,34,Engineering,167802
EMP0370,Female,11.0,Senior,Retail,Startup (<50),0,Full-Time,6,2,0,0,0,MBA,Tier 3,3,30,Customer Support,42347
EMP0371,Male,7.2,Senior,Technology,SME (50-500),0,Full-Time,0,2,0,0,0,Post-Graduate,Tier 2,4,30,Engineering,114214
EMP0372,Female,6.6,Mid,Technology,Large (500-2000),0,Full-Time,24,1,0,0,0,Graduate,Tier 1,5,29,Marketing,91508
EMP0373,Male,16.0,Manager,Finance & Banking,Startup (<50),0,Full-Time,0,5,1,0,0,MBA,Tier 2,3,39,Engineering,165515
EMP0374,Female,8.5,Senior,FMCG,SME (50-500),0,Contract,3,1,0,0,0,Post-Graduate,Tier 2,2,31,Operations,54092
EMP0375,Female,6.6,Mid,Healthcare,Startup (<50),0,Full-Time,0,2,1,0,1,Post-Graduate,Tier 3,3,28,Finance,49156
EMP0376,Female,4.8,Mid,NGO / Social Sector,Startup (<50),0,Part-Time,0,1,0,0,0,MBA,Tier 3,4,28,Marketing,27238
EMP0377,Male,9.3,Senior,Finance & Banking,SME (50-500),0,Full-Time,0,2,0,1,1,Post-Graduate,Tier 1,3,32,Sales,117276
EMP0378,Female,9.5,Senior,Media,Startup (<50),0,Full-Time,18,2,0,1,0,MBA,Tier 2,3,31,Finance,62707
EMP0379,Female,3.4,Junior,Consulting,Large (500-2000),0,Full-Time,6,1,1,0,1,Post-Graduate,Tier 2,5,26,Sales,45512
EMP0380,Female,10.2,Senior,FMCG,Large (500-2000),1,Full-Time,6,2,0,0,0,MBA,Tier 1,5,35,Customer Support,88480
EMP0381,Female,15.2,Manager,Media,Startup (<50),0,Full-Time,24,3,1,0,1,MBA,Tier 1,3,36,Finance,125826
EMP0382,Male,3.0,Mid,Education,Large (500-2000),1,Full-Time,0,0,0,0,0,Post-Graduate,Tier 3,3,24,Sales,29410
EMP0383,Female,6.7,Mid,Media,MNC (2000+),0,Full-Time,12,2,1,1,1,MBA,Tier 3,3,30,Sales,39775
EMP0384,Female,8.1,Mid,Retail,SME (50-500),0,Full-Time,12,1,1,1,0,Graduate,Tier 3,3,34,HR,35884
EMP0385,Female,8.2,Mid,Consulting,Large (500-2000),1,Full-Time,12,2,0,0,1,Graduate,Tier 1,4,30,HR,74322
EMP0386,Male,8.2,Senior,Healthcare,Large (500-2000),1,Full-Time,0,2,0,1,0,Post-Graduate,Tier 2,4,34,Finance,104999
EMP0387,Male,6.0,Senior,Media,MNC (2000+),1,Full-Time,0,2,0,0,1,MBA,Tier 3,4,30,Marketing,49338
EMP0388,Male,11.8,Manager,FMCG,MNC (2000+),0,Full-Time,0,3,1,0,1,High School,Tier 1,3,34,Finance,152328
EMP0389,Male,7.0,Senior,Technology,Large (500-2000),0,Full-Time,0,2,0,1,1,MBA,Tier 2,2,30,Engineering,96230
EMP0390,Male,7.6,Senior,Finance & Banking,Large (500-2000),1,Full-Time,0,2,0,1,1,Graduate,Tier 1,2,28,Sales,127068
EMP0391,Male,10.0,Senior,Consulting,Startup (<50),0,Full-Time,18,2,0,0,0,MBA,Tier 1,1,31,Finance,91738
EMP0392,Male,10.8,Senior,Manufacturing,Large (500-2000),1,Contract,0,4,0,0,0,Graduate,Tier 2,3,33,Finance,79714
EMP0393,Male,0.9,Junior,Finance & Banking,SME (50-500),1,Full-Time,18,0,0,1,0,Post-Graduate,Tier 2,3,23,Legal,26853
EMP0394,Female,6.6,Mid,Education,Large (500-2000),0,Full-Time,12,1,1,0,0,MBA,Tier 1,4,27,Customer Support,44022
EMP0395,Male,10.0,Senior,Finance & Banking,Large (500-2000),0,Part-Time,6,4,0,0,0,MBA,Tier 1,3,37,Finance,91618
EMP0396,Male,8.0,Senior,FMCG,MNC (2000+),1,Full-Time,0,3,0,1,0,Graduate,Tier 1,5,28,Operations,91963
EMP0397,Male,5.7,Mid,Technology,SME (50-500),0,Full-Time,0,1,0,1,1,High School,Tier 1,3,28,Legal,67417
EMP0398,Female,10.4,Senior,Healthcare,Startup (<50),0,Full-Time,6,2,1,1,0,Post-Graduate,Tier 1,5,34,Engineering,106226
EMP0399,Male,8.1,Senior,Manufacturing,SME (50-500),1,Full-Time,0,2,0,1,0,MBA,Tier 1,3,30,Engineering,85807
EMP0400,Male,15.3,Manager,Technology,SME (50-500),1,Full-Time,6,6,1,0,0,MBA,Tier 3,2,39,HR,118813
EMP0401,Female,8.0,Mid,NGO / Social Sector,Large (500-2000),1,Contract,0,1,0,0,0,Graduate,Tier 1,2,29,Finance,52064
EMP0402,Male,10.0,Senior,Manufacturing,MNC (2000+),1,Full-Time,0,3,0,0,1,Post-Graduate,Tier 3,5,32,Admin,54329
EMP0403,Male,7.3,Senior,Finance & Banking,Large (500-2000),1,Full-Time,0,2,1,1,1,PhD,Tier 1,2,31,Data & Analytics,134193
EMP0404,Female,6.7,Mid,Manufacturing,Startup (<50),0,Contract,6,2,1,0,1,High School,Tier 1,4,29,Sales,67151
EMP0405,Male,11.9,Senior,Finance & Banking,SME (50-500),1,Full-Time,0,4,0,1,1,Post-Graduate,Tier 1,3,35,Customer Support,68593
EMP0406,Male,8.8,Senior,Technology,Large (500-2000),0,Full-Time,0,3,0,1,0,Graduate,Tier 1,3,31,Sales,98768
EMP0407,Female,10.9,Senior,Media,SME (50-500),1,Full-Time,0,2,0,1,1,High School,Tier 3,1,34,HR,40930
EMP0408,Female,2.7,Junior,Finance & Banking,Large (500-2000),1,Full-Time,0,0,1,1,0,Post-Graduate,Tier 1,4,29,Legal,50489
EMP0409,Female,12.5,Senior,Retail,SME (50-500),1,Part-Time,0,3,1,0,0,Post-Graduate,Tier 2,5,34,Customer Support,59540
EMP0410,Male,11.0,Senior,Consulting,MNC (2000+),0,Full-Time,0,3,0,0,1,Post-Graduate,Tier 1,4,33,Admin,76350
EMP0411,Male,15.3,Manager,Media,MNC (2000+),0,Full-Time,6,4,0,0,0,Post-Graduate,Tier 1,4,39,Customer Support,73936
EMP0412,Male,8.2,Senior,Finance & Banking,Large (500-2000),1,Full-Time,3,3,0,1,0,Graduate,Tier 1,3,26,Engineering,132097
EMP0413,Male,15.8,Manager,Technology,SME (50-500),1,Full-Time,6,5,0,0,1,Graduate,Tier 3,2,40,Finance,135987
EMP0414,Male,11.5,Senior,Technology,SME (50-500),0,Full-Time,0,3,0,0,0,Post-Graduate,Tier 2,3,35,Engineering,117179
EMP0415,Male,6.3,Mid,FMCG,Large (500-2000),1,Full-Time,12,2,0,1,1,Graduate,Tier 2,3,27,Engineering,63661
EMP0416,Female,7.9,Senior,Finance & Banking,Startup (<50),1,Full-Time,3,2,1,0,0,MBA,Tier 1,3,31,Customer Support,105400
EMP0417,Female,7.1,Mid,Manufacturing,Large (500-2000),0,Part-Time,18,1,0,1,0,MBA,Tier 2,5,33,Admin,37942
EMP0418,Female,13.8,Manager,Media,Startup (<50),0,Part-Time,0,2,1,0,0,Post-Graduate,Tier 1,4,33,Legal,95509
EMP0419,Male,8.2,Senior,NGO / Social Sector,Startup (<50),1,Contract,0,3,0,1,1,Graduate,Tier 1,2,33,Marketing,39401
EMP0420,Female,5.6,Mid,Manufacturing,MNC (2000+),1,Full-Time,6,2,0,0,0,Graduate,Tier 1,4,28,Marketing,60520
EMP0421,Male,17.4,Manager,FMCG,Large (500-2000),1,Full-Time,0,5,0,0,1,MBA,Tier 2,3,42,Data & Analytics,136980
EMP0422,Male,15.8,Manager,Media,MNC (2000+),1,Full-Time,0,5,1,0,1,MBA,Tier 2,3,40,Admin,82229
EMP0423,Male,3.7,Mid,Finance & Banking,MNC (2000+),0,Full-Time,3,2,0,1,0,High School,Tier 1,4,26,HR,49975
EMP0424,Male,4.3,Mid,Healthcare,MNC (2000+),1,Full-Time,0,2,0,1,1,Post-Graduate,Tier 1,4,26,Sales,55565
EMP0425,Male,14.1,Manager,FMCG,Large (500-2000),1,Full-Time,6,4,1,0,1,Post-Graduate,Tier 2,3,37,Admin,66888
EMP0426,Female,3.4,Junior,Finance & Banking,MNC (2000+),0,Full-Time,24,2,0,0,0,Post-Graduate,Tier 2,5,26,Engineering,49935
EMP0427,Male,8.7,Senior,Technology,Startup (<50),1,Full-Time,0,3,0,0,1,MBA,Tier 2,3,34,Engineering,121467
EMP0428,Female,15.6,Manager,Finance & Banking,SME (50-500),1,Full-Time,24,3,1,0,1,Graduate,Tier 3,1,39,Engineering,190489
EMP0429,Female,8.5,Senior,Retail,Large (500-2000),0,Full-Time,18,2,0,0,1,Graduate,Tier 3,3,33,Admin,38511
EMP0430,Male,5.2,Mid,Finance & Banking,Large (500-2000),1,Full-Time,0,1,0,0,1,Graduate,Tier 3,3,24,Data & Analytics,61871
EMP0431,Male,8.1,Senior,Consulting,Startup (<50),1,Contract,0,3,0,0,0,MBA,Tier 1,4,36,Data & Analytics,119533
EMP0432,Male,0.5,Junior,Healthcare,Large (500-2000),0,Full-Time,0,0,1,1,0,Graduate,Tier 2,3,24,Engineering,33523
EMP0433,Female,5.0,Mid,Technology,Large (500-2000),0,Full-Time,0,0,0,0,1,MBA,Tier 3,5,27,Marketing,80299
EMP0434,Female,10.0,Senior,Healthcare,Startup (<50),0,Full-Time,18,1,1,0,0,MBA,Tier 1,3,33,Finance,103920
EMP0435,Female,7.4,Senior,NGO / Social Sector,Startup (<50),1,Full-Time,12,2,0,0,0,PhD,Tier 1,4,31,Finance,54111
EMP0436,Male,10.2,Senior,Technology,Startup (<50),1,Full-Time,3,4,0,1,0,PhD,Tier 2,4,35,Operations,81748
EMP0437,Female,14.2,Manager,Finance & Banking,Startup (<50),0,Full-Time,6,3,1,0,0,Graduate,Tier 1,5,36,Customer Support,111851
EMP0438,Male,10.9,Senior,Education,SME (50-500),1,Full-Time,6,3,0,1,1,Post-Graduate,Tier 1,1,34,Engineering,75452
EMP0439,Male,12.8,Senior,Technology,MNC (2000+),0,Full-Time,0,4,0,1,0,MBA,Tier 1,3,38,Engineering,140150
EMP0440,Male,6.9,Senior,Healthcare,SME (50-500),1,Full-Time,0,1,0,0,1,Graduate,Tier 1,2,34,HR,46243
EMP0441,Male,7.4,Senior,Manufacturing,Startup (<50),0,Full-Time,6,2,0,1,1,Post-Graduate,Tier 1,2,29,Data & Analytics,76478
EMP0442,Male,5.9,Mid,Technology,SME (50-500),1,Full-Time,0,2,0,0,1,Graduate,Tier 1,3,25,Engineering,68905
EMP0443,Male,7.6,Senior,Finance & Banking,MNC (2000+),1,Full-Time,3,3,0,1,1,PhD,Tier 2,5,33,Marketing,100117
EMP0444,Male,10.4,Senior,NGO / Social Sector,Large (500-2000),1,Full-Time,0,2,0,0,1,Post-Graduate,Tier 2,3,32,Finance,55172
EMP0445,Male,13.9,Manager,Finance & Banking,SME (50-500),0,Full-Time,0,4,0,1,1,Graduate,Tier 1,2,34,Sales,171838
EMP0446,Female,10.5,Senior,Finance & Banking,SME (50-500),0,Full-Time,0,2,1,0,1,PhD,Tier 2,2,28,Admin,61036
EMP0447,Female,10.6,Senior,NGO / Social Sector,MNC (2000+),0,Full-Time,6,2,0,0,1,Graduate,Tier 2,4,31,Legal,75972
EMP0448,Male,8.3,Senior,Education,SME (50-500),0,Full-Time,0,2,0,0,0,Post-Graduate,Tier 2,4,27,Finance,63695
EMP0449,Female,7.4,Mid,Healthcare,Startup (<50),1,Full-Time,18,1,0,1,0,Post-Graduate,Tier 2,5,32,Customer Support,45553
EMP0450,Female,9.7,Senior,Retail,MNC (2000+),1,Full-Time,0,2,1,1,0,Post-Graduate,Tier 1,4,32,HR,85599
EMP0451,Female,8.9,Senior,Finance & Banking,SME (50-500),1,Full-Time,24,2,0,0,0,Graduate,Tier 3,4,29,Customer Support,93667
EMP0452,Female,3.8,Mid,Media,Large (500-2000),1,Full-Time,12,0,0,1,1,Graduate,Tier 2,3,28,Operations,48037
EMP0453,Male,14.3,Manager,Media,Startup (<50),1,Full-Time,0,4,1,0,1,Post-Graduate,Tier 2,3,39,Operations,68096
EMP0454,Female,8.8,Senior,Education,SME (50-500),0,Full-Time,3,2,0,1,0,MBA,Tier 3,4,29,Marketing,52614
EMP0455,Female,6.2,Mid,Technology,Large (500-2000),0,Full-Time,0,2,1,0,1,MBA,Tier 1,5,30,Admin,64121
EMP0456,Female,6.1,Mid,FMCG,Startup (<50),1,Full-Time,3,1,1,0,0,MBA,Tier 1,3,26,Marketing,43500
EMP0457,Male,1.7,Junior,Retail,MNC (2000+),0,Full-Time,0,1,0,0,1,MBA,Tier 1,3,24,Engineering,24377
EMP0458,Male,10.3,Senior,Technology,Large (500-2000),0,Contract,0,3,1,1,0,Graduate,Tier 2,3,34,Engineering,123957
EMP0459,Female,3.5,Junior,Retail,SME (50-500),0,Full-Time,6,0,0,0,1,Graduate,Tier 3,4,23,Customer Support,15579
EMP0460,Male,13.3,Manager,Finance & Banking,SME (50-500),1,Full-Time,0,5,0,1,1,Post-Graduate,Tier 1,3,37,Operations,126378
EMP0461,Male,6.9,Senior,Media,SME (50-500),0,Full-Time,0,2,1,1,1,MBA,Tier 2,5,32,Finance,70013
EMP0462,Male,13.8,Manager,Manufacturing,MNC (2000+),0,Full-Time,0,4,0,0,0,PhD,Tier 3,3,37,Finance,133061
EMP0463,Female,6.1,Mid,Education,Startup (<50),0,Part-Time,6,0,1,0,1,MBA,Tier 3,5,26,Data & Analytics,39641
EMP0464,Female,4.8,Mid,Healthcare,SME (50-500),0,Full-Time,12,1,0,0,0,PhD,Tier 1,4,25,Data & Analytics,73342
EMP0465,Female,14.4,Manager,Education,Large (500-2000),0,Full-Time,3,2,1,0,0,PhD,Tier 3,1,39,Finance,86232
EMP0466,Male,12.6,Manager,Education,MNC (2000+),1,Contract,0,4,0,1,1,Graduate,Tier 1,4,30,Customer Support,108795
EMP0467,Male,8.7,Senior,FMCG,SME (50-500),1,Full-Time,0,1,0,0,0,Graduate,Tier 1,2,31,HR,65913
EMP0468,Female,2.7,Junior,Manufacturing,Large (500-2000),0,Full-Time,12,0,1,0,1,MBA,Tier 1,5,29,Customer Support,25815
EMP0469,Male,3.4,Mid,Technology,SME (50-500),0,Full-Time,0,2,0,0,1,High School,Tier 2,3,24,Legal,46906
EMP0470,Male,13.9,Manager,Technology,MNC (2000+),1,Contract,0,4,1,1,0,Graduate,Tier 1,3,35,Marketing,207447
EMP0471,Female,4.3,Junior,Technology,SME (50-500),0,Full-Time,0,0,0,0,1,MBA,Tier 1,5,31,HR,32694
EMP0472,Male,15.1,Manager,FMCG,MNC (2000+),1,Full-Time,0,5,0,1,1,Post-Graduate,Tier 1,4,39,Legal,177093
EMP0473,Male,8.8,Senior,Retail,SME (50-500),1,Full-Time,0,3,0,1,0,Graduate,Tier 1,5,34,Engineering,111406
EMP0474,Male,7.8,Senior,Healthcare,MNC (2000+),1,Full-Time,0,1,0,0,0,Graduate,Tier 1,4,29,Customer Support,86022
EMP0475,Male,16.1,Manager,Finance & Banking,Startup (<50),1,Contract,0,4,0,0,0,MBA,Tier 1,2,35,Customer Support,97236
EMP0476,Male,14.1,Manager,Finance & Banking,Large (500-2000),1,Full-Time,0,3,0,0,1,Graduate,Tier 1,3,37,Marketing,152333
EMP0477,Male,11.5,Senior,Manufacturing,Large (500-2000),1,Full-Time,0,3,0,0,1,Post-Graduate,Tier 3,4,34,Marketing,69083
EMP0478,Male,15.9,Manager,Manufacturing,Large (500-2000),0,Full-Time,0,5,0,1,0,Graduate,Tier 2,3,38,Sales,140109
EMP0479,Male,5.7,Mid,Finance & Banking,Large (500-2000),1,Full-Time,0,2,0,0,0,Post-Graduate,Tier 3,3,29,Marketing,51875
EMP0480,Male,16.9,Manager,Media,SME (50-500),0,Full-Time,18,5,0,1,1,High School,Tier 1,2,40,Marketing,70171
EMP0481,Male,15.2,Manager,Retail,SME (50-500),1,Full-Time,0,5,0,1,0,PhD,Tier 1,4,39,Legal,92600
EMP0482,Male,7.4,Senior,FMCG,Large (500-2000),1,Full-Time,3,2,0,1,0,Graduate,Tier 2,2,28,Engineering,74380
EMP0483,Male,11.2,Senior,Technology,Startup (<50),1,Full-Time,0,2,0,0,1,Graduate,Tier 1,3,39,Marketing,99234
EMP0484,Female,13.1,Manager,NGO / Social Sector,SME (50-500),0,Part-Time,0,3,1,0,1,Post-Graduate,Tier 2,4,38,Legal,70840
EMP0485,Female,7.0,Mid,Education,Large (500-2000),0,Full-Time,6,0,0,0,0,Post-Graduate,Tier 2,1,28,Engineering,54550
EMP0486,Male,5.0,Mid,Finance & Banking,SME (50-500),1,Full-Time,0,1,0,0,0,Graduate,Tier 2,1,27,Operations,53996
EMP0487,Male,8.3,Senior,FMCG,SME (50-500),0,Full-Time,3,3,0,0,1,High School,Tier 2,3,30,Engineering,61562
EMP0488,Male,7.8,Senior,Technology,Large (500-2000),1,Full-Time,0,2,0,1,1,MBA,Tier 1,4,26,Operations,92664
EMP0489,Female,5.0,Mid,Consulting,Large (500-2000),1,Full-Time,0,0,1,0,1,MBA,Tier 1,4,29,Customer Support,57744
EMP0490,Female,8.2,Mid,Manufacturing,SME (50-500),0,Part-Time,12,1,1,0,0,MBA,Tier 1,1,30,Marketing,57667
EMP0491,Male,13.3,Manager,FMCG,SME (50-500),1,Full-Time,0,4,0,0,1,MBA,Tier 2,3,37,Engineering,158092
EMP0492,Male,2.6,Junior,Manufacturing,SME (50-500),1,Full-Time,3,0,0,1,1,Post-Graduate,Tier 1,5,25,Data & Analytics,26613
EMP0493,Female,5.7,Mid,Education,SME (50-500),0,Full-Time,6,1,1,0,0,MBA,Tier 2,4,24,Customer Support,37038
EMP0494,Male,11.5,Senior,Technology,Large (500-2000),1,Full-Time,0,4,0,1,1,Graduate,Tier 1,3,34,Sales,104577
EMP0495,Male,16.4,Manager,Finance & Banking,Large (500-2000),1,Full-Time,3,5,0,0,1,Post-Graduate,Tier 1,2,41,Finance,228652
EMP0496,Female,8.3,Senior,Media,Large (500-2000),0,Full-Time,18,1,1,0,1,MBA,Tier 2,4,31,Sales,69435
EMP0497,Female,11.8,Senior,Finance & Banking,Large (500-2000),1,Part-Time,6,4,1,0,1,MBA,Tier 1,5,33,HR,102859
EMP0498,Male,11.0,Senior,Finance & Banking,Large (500-2000),1,Full-Time,12,3,1,1,0,Graduate,Tier 2,3,32,Engineering,129576
EMP0499,Female,8.6,Senior,Media,SME (50-500),0,Full-Time,0,2,0,0,0,Graduate,Tier 2,4,32,Operations,56084
EMP0500,Female,3.5,Junior,Manufacturing,Startup (<50),0,Full-Time,3,0,1,1,1,PhD,Tier 1,4,28,Engineering,28520
EMP0501,Female,9.3,Senior,FMCG,MNC (2000+),0,Full-Time,12,1,1,0,1,MBA,Tier 2,3,32,Marketing,77530
EMP0502,Male,3.0,Junior,Healthcare,MNC (2000+),1,Full-Time,0,1,0,1,1,High School,Tier 2,5,26,HR,24991
EMP0503,Female,7.9,Senior,Finance & Banking,SME (50-500),0,Contract,0,1,1,1,0,High School,Tier 2,5,30,Operations,119257
EMP0504,Male,11.9,Senior,Technology,Large (500-2000),1,Full-Time,0,4,0,0,0,Post-Graduate,Tier 1,4,36,Sales,151465
EMP0505,Female,2.6,Junior,Technology,SME (50-500),0,Full-Time,3,0,0,0,0,Graduate,Tier 2,5,30,Engineering,37745
EMP0506,Male,12.8,Manager,Retail,MNC (2000+),1,Full-Time,0,4,0,0,1,PhD,Tier 1,4,37,Sales,147119
EMP0507,Female,13.9,Manager,FMCG,Large (500-2000),1,Full-Time,3,2,1,0,0,Post-Graduate,Tier 2,3,37,Customer Support,136714
EMP0508,Female,3.1,Junior,Consulting,Large (500-2000),0,Full-Time,12,1,0,0,1,MBA,Tier 1,4,29,Admin,25356
EMP0509,Male,3.6,Mid,Media,Large (500-2000),0,Full-Time,0,1,0,1,0,High School,Tier 3,3,27,HR,21897
EMP0510,Male,12.3,Senior,Manufacturing,Large (500-2000),0,Full-Time,0,4,0,0,0,MBA,Tier 1,3,33,Operations,84186
EMP0511,Male,10.7,Senior,Consulting,Large (500-2000),1,Full-Time,0,3,0,0,0,Graduate,Tier 1,2,34,Sales,117871
EMP0512,Male,12.3,Senior,FMCG,Startup (<50),0,Full-Time,0,4,0,1,1,MBA,Tier 2,4,33,Admin,47446
EMP0513,Female,3.5,Mid,Media,Large (500-2000),0,Full-Time,24,0,0,1,1,MBA,Tier 2,4,26,HR,28434
EMP0514,Male,5.4,Mid,Healthcare,MNC (2000+),0,Full-Time,0,1,0,1,0,Graduate,Tier 2,4,28,Operations,36415
EMP0515,Male,9.6,Senior,Finance & Banking,Startup (<50),0,Full-Time,0,2,0,0,1,MBA,Tier 2,4,30,Sales,96321
EMP0516,Male,12.7,Senior,Finance & Banking,SME (50-500),0,Contract,0,4,0,1,1,Graduate,Tier 1,4,36,Sales,101558
EMP0517,Male,6.1,Senior,Media,Large (500-2000),1,Full-Time,12,2,0,1,0,MBA,Tier 1,4,30,Engineering,80583
EMP0518,Female,7.1,Mid,Manufacturing,SME (50-500),0,Contract,6,2,0,0,1,MBA,Tier 3,3,30,HR,44668
EMP0519,Male,5.7,Mid,Healthcare,Large (500-2000),0,Full-Time,0,3,0,1,1,MBA,Tier 1,4,33,Customer Support,42997
EMP0520,Male,9.5,Senior,Manufacturing,MNC (2000+),1,Full-Time,0,3,0,1,1,MBA,Tier 2,3,31,Data & Analytics,90757
EMP0521,Male,6.9,Senior,Consulting,Large (500-2000),0,Full-Time,0,1,0,0,1,Graduate,Tier 1,4,28,Sales,92141
EMP0522,Female,4.9,Mid,Retail,Large (500-2000),0,Full-Time,0,1,0,0,0,Post-Graduate,Tier 1,5,29,HR,38821
EMP0523,Male,11.0,Senior,Healthcare,MNC (2000+),1,Full-Time,0,2,1,1,0,MBA,Tier 1,2,33,HR,54863
EMP0524,Female,6.1,Mid,NGO / Social Sector,Large (500-2000),1,Full-Time,3,1,0,0,0,Post-Graduate,Tier 3,3,27,Marketing,38107
EMP0525,Male,2.3,Mid,Technology,Startup (<50),1,Part-Time,0,0,0,0,0,PhD,Tier 1,3,27,Finance,72082
EMP0526,Male,12.3,Senior,Manufacturing,Startup (<50),1,Full-Time,6,4,0,1,0,Post-Graduate,Tier 1,5,35,Sales,76543
EMP0527,Female,18.6,Manager,Finance & Banking,MNC (2000+),0,Part-Time,0,4,1,0,0,MBA,Tier 1,4,40,Admin,163065
EMP0528,Male,4.5,Mid,Finance & Banking,Large (500-2000),0,Full-Time,0,1,0,0,0,MBA,Tier 1,4,29,Admin,43440
EMP0529,Male,8.7,Senior,NGO / Social Sector,Startup (<50),1,Full-Time,0,2,1,1,0,Graduate,Tier 2,3,32,Engineering,48189
EMP0530,Female,11.6,Senior,Education,Startup (<50),0,Part-Time,6,2,0,0,0,Post-Graduate,Tier 1,4,32,Customer Support,46212
EMP0531,Male,11.6,Senior,Healthcare,Startup (<50),1,Contract,0,3,0,0,0,MBA,Tier 1,3,33,Legal,69934
EMP0532,Female,12.8,Senior,Consulting,SME (50-500),0,Full-Time,24,2,1,0,1,Graduate,Tier 2,4,40,Engineering,97149
EMP0533,Female,11.7,Senior,Media,Large (500-2000),1,Part-Time,12,2,1,1,0,Graduate,Tier 2,3,35,Engineering,73983
EMP0534,Male,5.1,Mid,NGO / Social Sector,MNC (2000+),1,Full-Time,0,1,0,1,0,Graduate,Tier 3,3,29,Engineering,30791
EMP0535,Female,5.8,Mid,Healthcare,Large (500-2000),1,Full-Time,3,0,0,0,0,MBA,Tier 1,3,26,HR,58197
EMP0536,Female,0.5,Junior,Technology,MNC (2000+),0,Full-Time,3,0,0,1,0,PhD,Tier 1,4,22,Legal,56134
EMP0537,Female,8.0,Senior,Healthcare,Startup (<50),0,Full-Time,18,2,1,0,0,MBA,Tier 1,2,29,Operations,55311
EMP0538,Female,9.4,Senior,Education,SME (50-500),0,Part-Time,0,2,0,1,1,MBA,Tier 2,4,35,HR,41547
EMP0539,Female,9.2,Senior,FMCG,Large (500-2000),0,Full-Time,6,2,0,1,0,Graduate,Tier 2,5,30,Marketing,71708
EMP0540,Male,11.4,Senior,Manufacturing,Startup (<50),0,Full-Time,0,3,0,0,1,Post-Graduate,Tier 3,3,36,Operations,59077
EMP0541,Female,15.1,Manager,Healthcare,SME (50-500),0,Full-Time,18,4,0,0,1,MBA,Tier 2,5,38,Admin,99041
EMP0542,Female,6.4,Mid,Consulting,Large (500-2000),1,Full-Time,18,1,1,0,0,PhD,Tier 1,5,30,HR,60094
EMP0543,Female,6.5,Mid,Education,Large (500-2000),1,Full-Time,3,1,1,1,1,Graduate,Tier 1,4,35,Sales,51749
EMP0544,Male,14.6,Manager,Technology,SME (50-500),1,Full-Time,6,5,0,0,1,MBA,Tier 1,2,39,Engineering,175340
EMP0545,Female,11.3,Senior,Technology,Startup (<50),1,Full-Time,18,3,0,1,0,Graduate,Tier 3,2,35,Customer Support,88402
EMP0546,Male,8.6,Senior,Finance & Banking,SME (50-500),1,Full-Time,0,2,1,0,0,PhD,Tier 3,4,32,HR,71589
EMP0547,Female,12.0,Senior,Technology,Startup (<50),0,Contract,6,2,0,0,0,MBA,Tier 1,4,35,Sales,119645
EMP0548,Female,1.9,Junior,Manufacturing,Startup (<50),0,Full-Time,0,1,1,0,1,Post-Graduate,Tier 1,4,22,Admin,17150
EMP0549,Male,8.1,Senior,Finance & Banking,Large (500-2000),1,Full-Time,0,2,0,1,1,Post-Graduate,Tier 2,4,31,Sales,117176
EMP0550,Male,10.9,Senior,Technology,Large (500-2000),1,Full-Time,0,3,0,1,0,PhD,Tier 1,4,34,Engineering,187188
EMP0551,Female,11.0,Senior,FMCG,Large (500-2000),0,Part-Time,12,2,1,0,1,MBA,Tier 1,1,33,Marketing,73045
EMP0552,Male,12.7,Manager,Consulting,MNC (2000+),1,Full-Time,0,4,0,1,0,MBA,Tier 2,3,37,Engineering,162767
EMP0553,Female,8.0,Senior,NGO / Social Sector,MNC (2000+),1,Part-Time,18,2,1,0,0,Post-Graduate,Tier 2,1,32,Data & Analytics,58394
EMP0554,Female,10.9,Senior,Retail,SME (50-500),1,Contract,0,4,0,1,0,Post-Graduate,Tier 3,3,32,HR,47216
EMP0555,Male,2.3,Junior,FMCG,SME (50-500),0,Full-Time,18,0,0,0,0,MBA,Tier 1,2,28,HR,20000
EMP0556,Male,8.9,Senior,Retail,MNC (2000+),1,Full-Time,0,2,0,1,1,MBA,Tier 2,4,31,Data & Analytics,95199
EMP0557,Female,8.4,Senior,Media,SME (50-500),0,Full-Time,3,2,1,0,0,Post-Graduate,Tier 1,3,30,Marketing,83965
EMP0558,Male,7.2,Senior,Technology,Large (500-2000),0,Full-Time,0,3,0,1,0,MBA,Tier 1,4,28,Admin,96676
EMP0559,Male,12.7,Manager,FMCG,Large (500-2000),0,Full-Time,0,4,0,1,1,PhD,Tier 1,3,32,Finance,158351
EMP0560,Female,4.7,Mid,Retail,SME (50-500),0,Part-Time,3,1,1,0,1,High School,Tier 1,5,28,Customer Support,45867
EMP0561,Female,16.2,Manager,Healthcare,Startup (<50),0,Full-Time,3,4,1,0,0,MBA,Tier 1,2,41,Customer Support,100047
EMP0562,Male,12.9,Manager,Healthcare,Large (500-2000),1,Full-Time,0,3,0,1,0,Post-Graduate,Tier 1,3,36,Data & Analytics,137414
EMP0563,Female,6.6,Mid,Healthcare,SME (50-500),1,Full-Time,0,1,1,0,0,Post-Graduate,Tier 2,3,27,Sales,55512
EMP0564,Male,6.4,Mid,Technology,Large (500-2000),0,Full-Time,3,3,0,0,1,Post-Graduate,Tier 1,3,33,Data & Analytics,71020
EMP0565,Female,7.8,Mid,FMCG,Startup (<50),0,Full-Time,18,2,0,1,0,MBA,Tier 2,3,33,HR,35200
EMP0566,Male,9.6,Senior,Healthcare,Startup (<50),1,Full-Time,0,2,0,0,0,Graduate,Tier 2,4,32,Finance,82873
EMP0567,Male,3.2,Mid,Education,MNC (2000+),1,Contract,18,0,0,0,1,Post-Graduate,Tier 1,3,26,Engineering,39213
EMP0568,Male,13.2,Manager,NGO / Social Sector,Large (500-2000),0,Full-Time,0,4,0,1,0,Post-Graduate,Tier 1,3,36,Engineering,80816
EMP0569,Female,9.2,Senior,Technology,SME (50-500),0,Full-Time,0,1,1,0,0,MBA,Tier 1,5,35,HR,90970
EMP0570,Female,7.2,Mid,Media,MNC (2000+),1,Full-Time,0,1,0,1,0,Post-Graduate,Tier 3,3,28,Sales,63559
EMP0571,Male,12.7,Manager,FMCG,Large (500-2000),1,Full-Time,0,4,1,1,1,PhD,Tier 1,3,35,Sales,110379
EMP0572,Female,12.4,Senior,Technology,MNC (2000+),0,Full-Time,18,3,0,0,0,PhD,Tier 3,2,39,Admin,90970
EMP0573,Male,7.3,Senior,Healthcare,MNC (2000+),1,Full-Time,0,2,0,1,0,Post-Graduate,Tier 1,3,29,Customer Support,77087
EMP0574,Female,5.9,Mid,Retail,SME (50-500),0,Full-Time,6,1,1,1,0,Graduate,Tier 2,2,28,HR,35247
EMP0575,Male,3.6,Mid,Technology,Large (500-2000),1,Full-Time,18,1,0,1,1,Post-Graduate,Tier 1,5,27,Engineering,97598
EMP0576,Male,9.2,Senior,Consulting,Large (500-2000),1,Part-Time,0,3,0,1,1,Post-Graduate,Tier 1,5,29,Sales,116482
EMP0577,Female,8.3,Senior,FMCG,MNC (2000+),1,Full-Time,12,2,0,0,0,Post-Graduate,Tier 3,3,31,Operations,74407
EMP0578,Male,0.5,Junior,Education,MNC (2000+),1,Full-Time,0,1,0,1,0,Post-Graduate,Tier 1,3,23,Finance,21808
EMP0579,Male,12.3,Senior,Technology,MNC (2000+),1,Full-Time,0,3,0,0,1,MBA,Tier 1,4,34,HR,107515
EMP0580,Female,6.2,Mid,FMCG,Large (500-2000),0,Full-Time,0,1,1,0,0,MBA,Tier 2,3,27,Admin,30390
EMP0581,Female,13.6,Senior,NGO / Social Sector,Startup (<50),1,Full-Time,12,2,0,0,0,Post-Graduate,Tier 2,1,38,Marketing,43650
EMP0582,Female,9.0,Senior,FMCG,Startup (<50),0,Part-Time,3,3,0,0,0,Post-Graduate,Tier 1,2,33,Engineering,95780
EMP0583,Male,2.1,Junior,Media,Large (500-2000),1,Full-Time,0,0,0,0,1,MBA,Tier 1,4,26,Engineering,33967
EMP0584,Female,5.0,Mid,Education,Startup (<50),0,Part-Time,3,1,1,1,0,PhD,Tier 2,5,27,Legal,40294
EMP0585,Female,3.2,Mid,Education,Startup (<50),0,Full-Time,3,1,1,1,0,Post-Graduate,Tier 1,2,27,Marketing,34824
EMP0586,Male,5.1,Mid,Healthcare,Large (500-2000),0,Full-Time,3,1,0,1,0,Graduate,Tier 1,3,28,Legal,42471
EMP0587,Male,12.4,Senior,Technology,SME (50-500),1,Full-Time,18,4,0,0,0,Graduate,Tier 2,4,37,Operations,99880
EMP0588,Male,16.0,Manager,Finance & Banking,Large (500-2000),1,Full-Time,0,4,0,0,0,Graduate,Tier 1,3,38,Admin,116740
EMP0589,Male,6.5,Mid,FMCG,Startup (<50),1,Full-Time,12,3,0,1,1,PhD,Tier 2,3,30,Engineering,35082
EMP0590,Female,12.8,Senior,Consulting,Startup (<50),0,Part-Time,12,3,1,0,0,Post-Graduate,Tier 2,2,36,Marketing,89110
EMP0591,Male,8.7,Senior,Technology,MNC (2000+),0,Full-Time,12,4,0,0,1,Post-Graduate,Tier 1,2,30,Legal,123190
EMP0592,Female,7.5,Senior,Finance & Banking,Large (500-2000),0,Contract,12,1,1,0,0,MBA,Tier 1,3,31,Data & Analytics,150869
EMP0593,Female,4.9,Mid,FMCG,Startup (<50),0,Full-Time,18,2,0,1,0,Post-Graduate,Tier 2,3,27,Marketing,46414
EMP0594,Male,7.3,Senior,Retail,Large (500-2000),1,Full-Time,0,3,0,1,0,Post-Graduate,Tier 3,2,32,Marketing,63522
EMP0595,Male,6.2,Mid,Finance & Banking,SME (50-500),1,Contract,0,1,0,1,0,Post-Graduate,Tier 2,3,30,Engineering,71241
EMP0596,Male,9.6,Senior,Consulting,Large (500-2000),0,Full-Time,0,3,0,0,1,PhD,Tier 1,5,35,Operations,73050
EMP0597,Male,11.8,Senior,Healthcare,MNC (2000+),1,Full-Time,0,3,0,0,1,Graduate,Tier 3,3,34,Admin,52180
EMP0598,Female,10.3,Senior,Healthcare,Large (500-2000),1,Full-Time,3,2,0,0,0,MBA,Tier 1,2,31,Marketing,91983
EMP0599,Male,17.3,Manager,Retail,SME (50-500),0,Full-Time,3,5,0,1,0,Graduate,Tier 2,3,42,Engineering,110225
EMP0600,Male,10.7,Senior,Consulting,SME (50-500),0,Full-Time,3,3,0,0,1,Graduate,Tier 3,4,33,Engineering,75635
EMP0601,Female,2.4,Junior,Finance & Banking,SME (50-500),0,Full-Time,3,1,1,1,0,High School,Tier 2,3,23,Data & Analytics,48335
EMP0602,Female,11.2,Senior,Healthcare,MNC (2000+),0,Contract,6,2,0,0,0,Post-Graduate,Tier 2,4,33,Finance,110439
EMP0603,Female,3.6,Mid,Consulting,MNC (2000+),1,Contract,6,0,1,0,0,Graduate,Tier 2,4,30,HR,52574
EMP0604,Female,8.7,Senior,Technology,SME (50-500),0,Full-Time,0,2,1,1,1,Graduate,Tier 2,1,29,Sales,106304
EMP0605,Male,11.0,Senior,NGO / Social Sector,Large (500-2000),1,Contract,3,2,0,1,0,Post-Graduate,Tier 1,4,36,Sales,57045
EMP0606,Male,14.7,Manager,Manufacturing,Startup (<50),1,Full-Time,0,3,0,1,1,Graduate,Tier 1,2,36,HR,73905
EMP0607,Male,5.0,Mid,FMCG,Large (500-2000),1,Full-Time,0,1,0,0,0,Post-Graduate,Tier 1,3,24,Data & Analytics,46637
EMP0608,Male,0.5,Junior,Consulting,Large (500-2000),0,Full-Time,0,0,0,1,1,Graduate,Tier 2,2,24,Engineering,27082
EMP0609,Female,13.1,Manager,Education,Large (500-2000),0,Full-Time,0,2,0,1,0,Post-Graduate,Tier 1,3,36,Legal,131760
EMP0610,Male,20.8,Director,Consulting,SME (50-500),0,Full-Time,0,5,1,0,0,MBA,Tier 1,2,45,Admin,196040
EMP0611,Male,12.7,Manager,Retail,Large (500-2000),0,Full-Time,0,3,0,0,1,MBA,Tier 1,3,33,Marketing,84161
EMP0612,Male,6.0,Mid,Manufacturing,SME (50-500),1,Full-Time,6,2,0,0,1,Post-Graduate,Tier 1,2,29,Operations,45161
EMP0613,Female,9.0,Senior,Education,Large (500-2000),0,Full-Time,0,2,0,1,0,Post-Graduate,Tier 3,4,34,Sales,80824
EMP0614,Male,2.3,Mid,Technology,Large (500-2000),0,Full-Time,6,0,0,0,0,Graduate,Tier 3,5,24,Operations,51351
EMP0615,Female,4.7,Mid,NGO / Social Sector,SME (50-500),0,Full-Time,0,0,1,0,0,Graduate,Tier 1,4,24,Customer Support,36069
EMP0616,Female,3.9,Mid,Healthcare,SME (50-500),1,Full-Time,0,1,0,1,0,Post-Graduate,Tier 3,2,26,Marketing,47979
EMP0617,Female,8.2,Senior,Retail,Startup (<50),0,Full-Time,12,2,1,0,1,Post-Graduate,Tier 1,5,32,Customer Support,51860
EMP0618,Male,16.0,Manager,NGO / Social Sector,Large (500-2000),1,Full-Time,18,4,0,0,0,PhD,Tier 1,4,36,Engineering,96346
EMP0619,Female,14.9,Manager,Manufacturing,SME (50-500),0,Full-Time,6,4,1,1,0,MBA,Tier 3,5,37,Engineering,128587
EMP0620,Male,7.9,Senior,Finance & Banking,Startup (<50),1,Full-Time,3,2,0,1,1,Graduate,Tier 3,3,28,Data & Analytics,90098
EMP0621,Male,12.0,Senior,Technology,MNC (2000+),1,Full-Time,3,3,0,0,1,MBA,Tier 2,2,33,Engineering,146832
EMP0622,Female,7.9,Senior,NGO / Social Sector,Startup (<50),0,Full-Time,12,1,1,1,0,MBA,Tier 1,1,27,Customer Support,40542
EMP0623,Female,7.6,Mid,Technology,Startup (<50),0,Contract,0,2,0,0,1,High School,Tier 1,4,27,Engineering,75292
EMP0624,Male,14.5,Manager,Finance & Banking,Large (500-2000),0,Full-Time,6,5,0,0,0,Graduate,Tier 2,3,39,Sales,189640
EMP0625,Female,11.5,Senior,Technology,MNC (2000+),0,Full-Time,18,3,1,1,0,PhD,Tier 1,3,33,HR,119845
EMP0626,Male,12.5,Manager,Retail,Startup (<50),0,Full-Time,0,4,0,1,1,Graduate,Tier 3,2,33,Finance,79794
EMP0627,Male,13.5,Manager,NGO / Social Sector,MNC (2000+),1,Full-Time,0,4,0,0,1,PhD,Tier 2,4,34,HR,57392
EMP0628,Female,4.9,Mid,Education,SME (50-500),0,Full-Time,6,1,0,0,1,Graduate,Tier 2,3,28,Data & Analytics,37459
EMP0629,Male,4.6,Mid,Manufacturing,Large (500-2000),1,Full-Time,0,1,0,0,1,High School,Tier 3,4,29,Finance,61378
EMP0630,Male,6.0,Mid,Technology,SME (50-500),1,Full-Time,3,1,0,1,1,PhD,Tier 1,2,30,Engineering,76959
EMP0631,Female,6.4,Mid,Technology,Large (500-2000),0,Full-Time,6,0,0,1,1,MBA,Tier 1,4,30,Engineering,91555
EMP0632,Male,13.7,Manager,Manufacturing,SME (50-500),0,Full-Time,0,4,0,0,1,Graduate,Tier 1,1,33,Sales,113654
EMP0633,Male,26.0,Director,Manufacturing,MNC (2000+),0,Full-Time,0,6,0,1,1,Post-Graduate,Tier 2,3,47,Finance,272717
EMP0634,Female,10.6,Senior,Healthcare,Startup (<50),0,Full-Time,0,1,1,0,1,Post-Graduate,Tier 1,2,32,Admin,67934
EMP0635,Male,7.3,Senior,Finance & Banking,MNC (2000+),1,Contract,0,2,0,0,0,MBA,Tier 1,4,31,Finance,120738
EMP0636,Male,10.6,Senior,Consulting,SME (50-500),1,Full-Time,0,3,0,0,1,Post-Graduate,Tier 2,3,33,Finance,96610
EMP0637,Male,14.8,Manager,Technology,Large (500-2000),1,Full-Time,0,4,0,0,0,MBA,Tier 2,2,41,Operations,169159
EMP0638,Male,8.4,Senior,Technology,SME (50-500),1,Full-Time,0,3,1,0,0,MBA,Tier 2,2,35,Customer Support,93968
EMP0639,Female,10.6,Senior,Healthcare,Large (500-2000),1,Full-Time,12,2,1,0,1,MBA,Tier 3,4,30,Engineering,92413
EMP0640,Female,8.1,Senior,Retail,SME (50-500),0,Full-Time,3,2,1,0,1,MBA,Tier 2,3,31,Marketing,66274
EMP0641,Female,0.5,Junior,Education,MNC (2000+),0,Full-Time,12,0,1,0,0,Graduate,Tier 3,2,22,Customer Support,14000
EMP0642,Female,7.2,Mid,FMCG,SME (50-500),0,Full-Time,24,2,1,0,0,PhD,Tier 1,3,30,Operations,51095
EMP0643,Male,13.7,Manager,Finance & Banking,Startup (<50),1,Full-Time,0,5,1,1,0,Graduate,Tier 3,3,37,Engineering,136706
EMP0644,Male,6.2,Senior,FMCG,Large (500-2000),1,Full-Time,0,2,0,0,1,Post-Graduate,Tier 1,5,28,Finance,118127
EMP0645,Female,8.9,Senior,Finance & Banking,Startup (<50),1,Full-Time,3,1,1,0,1,Post-Graduate,Tier 2,4,30,Admin,83323
EMP0646,Male,16.1,Manager,Media,SME (50-500),1,Full-Time,0,5,0,0,0,MBA,Tier 1,4,38,Data & Analytics,128802
EMP0647,Female,3.9,Junior,NGO / Social Sector,SME (50-500),0,Full-Time,6,0,0,1,1,Post-Graduate,Tier 1,5,29,Customer Support,15440
EMP0648,Male,17.2,Manager,Consulting,SME (50-500),1,Full-Time,0,5,0,0,1,MBA,Tier 1,4,39,Engineering,232119
EMP0649,Male,14.7,Manager,Finance & Banking,MNC (2000+),1,Full-Time,0,4,0,1,0,Graduate,Tier 1,3,35,HR,119156
EMP0650,Female,13.2,Senior,Education,Large (500-2000),0,Full-Time,6,3,0,0,1,Post-Graduate,Tier 2,4,35,Customer Support,66294
EMP0651,Female,9.2,Senior,Manufacturing,SME (50-500),1,Full-Time,0,2,0,0,1,MBA,Tier 3,1,34,Sales,77576
EMP0652,Male,14.8,Manager,Consulting,Large (500-2000),1,Full-Time,0,3,0,1,1,Graduate,Tier 1,3,37,Engineering,232385
EMP0653,Male,7.2,Senior,Consulting,MNC (2000+),1,Part-Time,0,2,0,1,1,MBA,Tier 2,4,30,Data & Analytics,114762
EMP0654,Female,6.8,Mid,Healthcare,MNC (2000+),1,Full-Time,6,1,1,0,0,Graduate,Tier 2,3,31,Marketing,47850
EMP0655,Male,11.0,Senior,Manufacturing,SME (50-500),0,Full-Time,0,3,0,1,1,MBA,Tier 3,2,34,Sales,63306
EMP0656,Female,3.7,Junior,Education,SME (50-500),1,Contract,0,0,0,0,0,Post-Graduate,Tier 1,2,29,Legal,29628
EMP0657,Female,6.7,Mid,Consulting,MNC (2000+),1,Part-Time,12,2,1,0,0,MBA,Tier 3,1,29,Finance,56445
EMP0658,Female,6.9,Mid,Retail,Large (500-2000),0,Full-Time,18,0,1,1,0,MBA,Tier 3,3,28,Data & Analytics,45501
EMP0659,Female,7.0,Mid,Healthcare,SME (50-500),0,Contract,3,1,1,0,1,Post-Graduate,Tier 3,4,31,Operations,47337
EMP0660,Male,8.8,Senior,Finance & Banking,SME (50-500),0,Full-Time,0,2,0,0,0,Graduate,Tier 1,1,34,Admin,75937
EMP0661,Male,13.0,Senior,Consulting,Large (500-2000),1,Full-Time,0,4,0,0,0,Graduate,Tier 1,3,35,Finance,139135
EMP0662,Female,9.6,Senior,Finance & Banking,Startup (<50),0,Full-Time,12,2,1,1,0,MBA,Tier 1,3,33,HR,62685
EMP0663,Female,12.9,Senior,Technology,Large (500-2000),0,Full-Time,12,3,0,1,0,MBA,Tier 1,4,32,Finance,152299
EMP0664,Male,10.9,Senior,NGO / Social Sector,Large (500-2000),1,Part-Time,0,3,0,1,1,MBA,Tier 2,4,38,Admin,43173
EMP0665,Female,8.2,Senior,Media,Large (500-2000),0,Part-Time,0,2,1,0,1,MBA,Tier 1,5,32,Marketing,92159
EMP0666,Male,5.4,Mid,Technology,SME (50-500),1,Full-Time,0,2,1,0,1,High School,Tier 1,2,32,Admin,53523
EMP0667,Male,3.7,Mid,Media,Large (500-2000),1,Full-Time,3,2,0,1,1,Graduate,Tier 2,2,24,Engineering,43935
EMP0668,Male,6.7,Mid,Technology,MNC (2000+),1,Full-Time,3,1,0,1,0,High School,Tier 2,3,30,Marketing,78164
EMP0669,Female,6.7,Mid,NGO / Social Sector,Startup (<50),0,Full-Time,6,1,0,0,0,PhD,Tier 2,4,26,Operations,24272
EMP0670,Male,8.2,Senior,FMCG,SME (50-500),0,Full-Time,0,3,1,0,1,MBA,Tier 1,3,28,Finance,80416
EMP0671,Male,3.5,Mid,Finance & Banking,Large (500-2000),1,Full-Time,3,1,0,0,0,Post-Graduate,Tier 3,2,30,Operations,54720
EMP0672,Female,2.8,Junior,Technology,Startup (<50),0,Full-Time,3,0,0,1,0,MBA,Tier 1,4,22,Finance,39639
EMP0673,Male,13.7,Manager,Consulting,SME (50-500),0,Full-Time,0,5,1,0,0,Graduate,Tier 2,4,36,Data & Analytics,180537
EMP0674,Male,11.3,Senior,Media,Large (500-2000),1,Full-Time,0,4,0,0,0,Graduate,Tier 3,4,32,Data & Analytics,67784
EMP0675,Male,14.4,Manager,Healthcare,Large (500-2000),1,Full-Time,0,5,0,1,1,Post-Graduate,Tier 3,2,37,Engineering,125725
EMP0676,Male,5.2,Mid,Healthcare,SME (50-500),1,Full-Time,0,2,0,0,1,PhD,Tier 1,3,27,Engineering,58046
EMP0677,Male,11.3,Senior,Healthcare,MNC (2000+),1,Full-Time,0,4,0,0,1,Graduate,Tier 1,4,35,Engineering,101497
EMP0678,Female,15.9,Manager,Retail,Startup (<50),0,Full-Time,3,3,1,0,0,MBA,Tier 1,3,42,Customer Support,72590
EMP0679,Female,3.4,Mid,Technology,Large (500-2000),0,Contract,12,1,1,1,0,Post-Graduate,Tier 1,4,25,HR,55930
EMP0680,Female,9.9,Senior,Healthcare,MNC (2000+),0,Contract,24,2,1,0,1,MBA,Tier 3,2,32,HR,49243
EMP0681,Female,1.1,Junior,Technology,Large (500-2000),0,Full-Time,24,1,0,0,0,MBA,Tier 2,5,24,HR,36332
EMP0682,Male,13.5,Manager,Healthcare,Startup (<50),0,Full-Time,0,5,0,0,1,Post-Graduate,Tier 1,3,38,Finance,93523
EMP0683,Female,2.0,Junior,Retail,SME (50-500),0,Contract,0,1,1,1,0,MBA,Tier 2,2,24,Engineering,28285
EMP0684,Male,8.4,Senior,Manufacturing,Large (500-2000),1,Full-Time,0,2,0,1,0,Post-Graduate,Tier 1,4,31,Marketing,105597
EMP0685,Male,10.3,Senior,Technology,MNC (2000+),1,Full-Time,0,2,0,1,0,Graduate,Tier 3,3,32,Customer Support,98770
EMP0686,Male,11.4,Senior,Technology,Startup (<50),1,Full-Time,0,3,0,0,0,Post-Graduate,Tier 1,3,37,Finance,136098
EMP0687,Male,8.4,Senior,Technology,Large (500-2000),1,Full-Time,0,3,0,1,0,Graduate,Tier 2,3,29,Operations,101202
EMP0688,Male,13.9,Manager,Consulting,Large (500-2000),1,Full-Time,0,5,0,0,1,MBA,Tier 1,5,34,Customer Support,150492
EMP0689,Female,2.8,Junior,Consulting,Large (500-2000),1,Full-Time,0,0,1,1,0,Post-Graduate,Tier 2,4,25,Legal,48247
EMP0690,Female,10.4,Senior,FMCG,SME (50-500),0,Full-Time,0,2,1,0,1,Post-Graduate,Tier 2,2,32,Customer Support,67135
EMP0691,Male,12.3,Senior,Technology,SME (50-500),1,Full-Time,0,3,0,0,0,Post-Graduate,Tier 1,4,36,Legal,95100
EMP0692,Female,12.0,Senior,Retail,SME (50-500),0,Part-Time,0,2,1,0,1,MBA,Tier 1,3,34,Admin,57235
EMP0693,Male,9.7,Senior,Manufacturing,MNC (2000+),0,Full-Time,3,4,0,1,1,PhD,Tier 1,4,34,Marketing,80755
EMP0694,Male,8.6,Senior,Media,Large (500-2000),1,Full-Time,0,2,0,0,0,Graduate,Tier 3,4,32,Finance,65187
EMP0695,Male,11.3,Senior,FMCG,MNC (2000+),1,Full-Time,0,3,0,0,1,PhD,Tier 2,4,37,Customer Support,60194
EMP0696,Male,4.4,Mid,Consulting,Startup (<50),1,Part-Time,0,1,0,1,1,MBA,Tier 3,2,27,Data & Analytics,50951
EMP0697,Female,1.5,Junior,Retail,MNC (2000+),1,Full-Time,0,0,1,0,0,Graduate,Tier 1,2,24,Marketing,34771
EMP0698,Male,4.7,Mid,Consulting,MNC (2000+),0,Full-Time,6,1,0,0,0,MBA,Tier 3,5,27,Finance,62258
EMP0699,Male,4.3,Mid,Technology,SME (50-500),1,Full-Time,3,2,1,0,0,MBA,Tier 2,4,26,Engineering,77559
EMP0700,Female,11.4,Senior,Healthcare,Startup (<50),0,Full-Time,12,3,0,0,1,Graduate,Tier 3,2,34,Engineering,88622
EMP0701,Female,11.6,Senior,Technology,Large (500-2000),0,Contract,3,2,1,0,0,MBA,Tier 1,4,34,Admin,100190
EMP0702,Female,7.6,Senior,Media,Large (500-2000),0,Full-Time,0,2,1,0,0,MBA,Tier 3,3,30,Sales,84710
EMP0703,Female,13.1,Senior,FMCG,MNC (2000+),0,Full-Time,12,3,0,0,1,MBA,Tier 1,4,34,Customer Support,81538
EMP0704,Male,17.8,Manager,FMCG,Startup (<50),1,Full-Time,0,5,0,0,1,High School,Tier 1,3,41,Finance,114731
EMP0705,Male,15.3,Manager,FMCG,Startup (<50),0,Full-Time,0,5,0,0,0,Graduate,Tier 3,2,40,Marketing,61183
EMP0706,Female,15.3,Manager,Technology,SME (50-500),0,Full-Time,3,4,0,0,0,Post-Graduate,Tier 2,4,39,Customer Support,142954
EMP0707,Male,14.0,Manager,Manufacturing,Large (500-2000),1,Full-Time,0,4,0,1,1,Post-Graduate,Tier 3,3,35,Customer Support,72106
EMP0708,Male,9.7,Senior,Finance & Banking,Startup (<50),1,Full-Time,0,2,0,1,1,Graduate,Tier 3,3,30,Sales,93999
EMP0709,Female,1.2,Junior,Finance & Banking,Startup (<50),1,Full-Time,12,1,1,1,0,Post-Graduate,Tier 1,4,22,Marketing,26018
EMP0710,Male,13.2,Manager,FMCG,Large (500-2000),1,Full-Time,6,3,0,0,0,Graduate,Tier 2,4,39,Engineering,165383
EMP0711,Male,3.0,Mid,Consulting,Large (500-2000),1,Full-Time,3,0,0,1,1,Post-Graduate,Tier 2,3,24,Operations,49401
EMP0712,Female,7.1,Mid,Consulting,Large (500-2000),1,Part-Time,0,1,0,0,1,Post-Graduate,Tier 3,3,30,Finance,79010
EMP0713,Female,6.5,Mid,Consulting,Startup (<50),1,Full-Time,6,0,1,0,1,Post-Graduate,Tier 1,4,31,Operations,48427
EMP0714,Male,13.7,Manager,FMCG,MNC (2000+),0,Full-Time,0,3,0,1,1,MBA,Tier 1,2,36,HR,89381
EMP0715,Male,13.1,Manager,Technology,MNC (2000+),0,Full-Time,0,3,0,0,1,PhD,Tier 3,5,35,Finance,218564
EMP0716,Female,9.6,Senior,Healthcare,Startup (<50),0,Full-Time,0,1,1,0,1,Post-Graduate,Tier 1,3,29,Operations,89111
EMP0717,Female,9.1,Senior,Retail,MNC (2000+),0,Full-Time,3,2,1,0,1,MBA,Tier 1,4,28,Marketing,85371
EMP0718,Female,8.7,Mid,Manufacturing,Startup (<50),1,Part-Time,24,1,1,1,1,Post-Graduate,Tier 2,4,36,Finance,64561
EMP0719,Male,12.6,Manager,Manufacturing,SME (50-500),0,Full-Time,0,4,0,0,0,Post-Graduate,Tier 1,3,36,Engineering,151317
EMP0720,Female,8.5,Senior,Manufacturing,MNC (2000+),1,Full-Time,0,1,1,1,1,Graduate,Tier 2,4,29,Customer Support,100867
EMP0721,Female,7.7,Senior,Healthcare,SME (50-500),0,Full-Time,0,1,1,1,0,Graduate,Tier 1,4,31,Engineering,140450
EMP0722,Male,17.9,Manager,Technology,MNC (2000+),0,Full-Time,0,5,0,0,0,Graduate,Tier 1,1,37,Sales,166256
EMP0723,Male,6.9,Senior,Technology,Startup (<50),1,Full-Time,0,3,0,0,1,Graduate,Tier 1,2,32,Sales,106325
EMP0724,Male,8.8,Senior,Finance & Banking,Large (500-2000),1,Contract,0,2,0,0,1,Post-Graduate,Tier 2,4,29,Data & Analytics,123365
EMP0725,Male,13.8,Manager,Education,Large (500-2000),1,Full-Time,0,5,0,1,0,MBA,Tier 3,2,37,Finance,83847
EMP0726,Female,4.2,Mid,Healthcare,MNC (2000+),1,Full-Time,12,1,1,0,0,MBA,Tier 2,2,29,Operations,63287
EMP0727,Female,9.6,Senior,Consulting,Large (500-2000),0,Full-Time,0,1,1,0,0,Graduate,Tier 2,5,29,Sales,100505
EMP0728,Male,16.2,Manager,Manufacturing,Large (500-2000),1,Full-Time,18,4,0,1,1,MBA,Tier 2,5,41,Engineering,129250
EMP0729,Female,0.8,Junior,Media,Startup (<50),0,Full-Time,0,0,0,0,1,MBA,Tier 1,4,22,Data & Analytics,31451
EMP0730,Male,16.7,Manager,Technology,Startup (<50),0,Full-Time,3,5,0,1,0,Graduate,Tier 1,1,43,Data & Analytics,149434
EMP0731,Female,4.3,Mid,Technology,MNC (2000+),1,Full-Time,18,1,0,0,0,Post-Graduate,Tier 1,3,28,HR,74455
EMP0732,Male,3.3,Mid,FMCG,SME (50-500),1,Part-Time,0,1,0,1,1,High School,Tier 2,4,26,Finance,39940
EMP0733,Male,1.8,Junior,Media,MNC (2000+),0,Full-Time,18,1,0,1,0,MBA,Tier 1,3,24,Engineering,32187
EMP0734,Male,16.5,Manager,Consulting,Startup (<50),1,Full-Time,0,4,0,1,0,Graduate,Tier 1,3,40,Marketing,127909
EMP0735,Male,11.4,Senior,Technology,MNC (2000+),1,Full-Time,3,3,0,0,1,High School,Tier 1,4,32,Engineering,196080
EMP0736,Female,11.4,Senior,Finance & Banking,SME (50-500),0,Full-Time,12,3,1,0,0,Post-Graduate,Tier 1,2,36,Admin,78834
EMP0737,Male,12.4,Senior,Education,SME (50-500),0,Full-Time,0,4,0,1,0,Post-Graduate,Tier 2,3,35,Data & Analytics,62950
EMP0738,Male,8.1,Senior,FMCG,SME (50-500),1,Full-Time,0,3,0,0,0,Graduate,Tier 1,3,29,Customer Support,50136
EMP0739,Female,7.6,Mid,Healthcare,Large (500-2000),0,Full-Time,0,0,0,1,1,MBA,Tier 3,2,28,Operations,51427
EMP0740,Female,6.5,Mid,Media,Startup (<50),0,Full-Time,18,2,1,0,0,MBA,Tier 3,4,30,Engineering,35291
EMP0741,Male,5.1,Mid,Healthcare,SME (50-500),1,Full-Time,0,0,0,0,0,Graduate,Tier 3,3,27,Finance,42906
EMP0742,Female,5.9,Mid,Education,Startup (<50),1,Contract,0,1,1,0,0,PhD,Tier 1,3,30,Operations,44799
EMP0743,Male,19.3,Director,Healthcare,Large (500-2000),1,Full-Time,0,5,0,1,1,MBA,Tier 2,2,43,Finance,200799
EMP0744,Female,12.6,Senior,Media,SME (50-500),0,Full-Time,18,3,1,1,0,Post-Graduate,Tier 1,3,36,Customer Support,56743
EMP0745,Female,8.1,Mid,Finance & Banking,SME (50-500),0,Full-Time,18,0,1,0,0,MBA,Tier 2,3,29,Customer Support,60076
EMP0746,Female,6.7,Mid,Healthcare,Large (500-2000),0,Full-Time,3,1,1,1,1,MBA,Tier 2,5,29,HR,41312
EMP0747,Male,13.7,Manager,Technology,Large (500-2000),1,Full-Time,0,4,0,1,1,Post-Graduate,Tier 2,4,34,Data & Analytics,191645
EMP0748,Female,10.7,Senior,Healthcare,Large (500-2000),0,Full-Time,24,2,0,0,1,Graduate,Tier 1,5,31,Operations,95368
EMP0749,Female,8.1,Senior,Retail,SME (50-500),1,Full-Time,24,2,1,0,0,MBA,Tier 1,2,31,Customer Support,53260
EMP0750,Male,14.8,Manager,Finance & Banking,MNC (2000+),0,Full-Time,0,5,0,0,0,Graduate,Tier 2,3,40,Data & Analytics,218899
EMP0751,Male,10.2,Senior,Retail,Large (500-2000),1,Full-Time,0,4,1,1,1,Post-Graduate,Tier 2,3,28,Data & Analytics,87475
EMP0752,Male,15.6,Manager,Finance & Banking,Large (500-2000),1,Full-Time,18,3,0,1,0,MBA,Tier 3,5,39,Operations,116704
EMP0753,Female,8.2,Senior,Finance & Banking,MNC (2000+),0,Full-Time,18,1,1,1,0,MBA,Tier 3,1,28,Customer Support,75325
EMP0754,Male,17.3,Manager,FMCG,MNC (2000+),0,Full-Time,0,5,0,0,0,PhD,Tier 3,4,39,Legal,121866
EMP0755,Female,8.5,Senior,Media,SME (50-500),0,Full-Time,0,1,1,0,1,Post-Graduate,Tier 1,2,33,Customer Support,59264
EMP0756,Male,10.4,Senior,Healthcare,MNC (2000+),1,Full-Time,0,3,0,1,0,Post-Graduate,Tier 2,5,31,Operations,70310
EMP0757,Male,5.0,Mid,FMCG,Large (500-2000),0,Full-Time,6,1,0,1,1,Graduate,Tier 1,4,30,Sales,47681
EMP0758,Female,12.1,Senior,Education,SME (50-500),0,Full-Time,6,3,0,0,1,MBA,Tier 3,3,37,HR,34507
EMP0759,Female,9.1,Senior,Technology,SME (50-500),0,Full-Time,18,2,0,0,0,MBA,Tier 2,3,34,HR,92298
EMP0760,Male,4.9,Mid,Education,Startup (<50),1,Full-Time,0,2,0,0,1,Graduate,Tier 3,3,29,Finance,30157
EMP0761,Female,5.5,Mid,Technology,SME (50-500),0,Full-Time,12,0,0,0,0,Graduate,Tier 3,5,29,Operations,72707
EMP0762,Male,6.6,Senior,Education,Large (500-2000),0,Full-Time,12,2,0,0,1,Graduate,Tier 2,2,31,Data & Analytics,53847
EMP0763,Male,23.7,Director,Retail,MNC (2000+),1,Full-Time,0,8,0,1,1,MBA,Tier 2,4,46,Legal,188700
EMP0764,Male,14.9,Manager,Manufacturing,SME (50-500),0,Full-Time,0,5,0,0,1,Graduate,Tier 3,3,40,Operations,98043
EMP0765,Male,11.4,Senior,Finance & Banking,Large (500-2000),1,Contract,0,3,0,1,1,Post-Graduate,Tier 1,4,35,Operations,109907
EMP0766,Male,15.7,Manager,Finance & Banking,SME (50-500),0,Full-Time,6,5,0,0,1,High School,Tier 2,5,41,Engineering,154209
EMP0767,Male,5.8,Mid,Finance & Banking,SME (50-500),1,Full-Time,0,2,0,1,0,MBA,Tier 2,5,34,Customer Support,52356
EMP0768,Female,9.6,Senior,Manufacturing,Startup (<50),0,Full-Time,6,3,0,0,0,Post-Graduate,Tier 3,4,33,Legal,68246
EMP0769,Female,7.2,Mid,NGO / Social Sector,SME (50-500),1,Full-Time,3,1,0,1,1,Post-Graduate,Tier 1,3,29,Engineering,57093
EMP0770,Male,8.7,Senior,Technology,Startup (<50),0,Full-Time,6,3,1,1,0,Graduate,Tier 2,3,33,Engineering,83152
EMP0771,Male,10.9,Senior,Finance & Banking,Large (500-2000),1,Full-Time,0,5,0,0,0,Post-Graduate,Tier 1,3,36,Operations,106181
EMP0772,Male,11.5,Senior,Education,Startup (<50),1,Contract,12,4,0,0,0,MBA,Tier 1,4,32,Sales,56633
EMP0773,Male,12.8,Manager,Technology,MNC (2000+),1,Full-Time,6,3,1,0,1,MBA,Tier 1,4,33,Sales,192697
EMP0774,Male,14.4,Manager,Media,MNC (2000+),1,Full-Time,0,4,0,1,1,Graduate,Tier 1,4,37,Operations,121584
EMP0775,Female,9.7,Senior,Media,Startup (<50),0,Full-Time,12,1,1,0,1,MBA,Tier 2,4,31,Sales,64836
EMP0776,Female,11.9,Senior,Healthcare,Large (500-2000),0,Full-Time,18,2,1,0,1,Post-Graduate,Tier 3,3,37,Sales,75136
EMP0777,Male,7.0,Senior,Consulting,SME (50-500),1,Full-Time,0,2,0,1,0,Post-Graduate,Tier 1,2,30,Engineering,100013
EMP0778,Male,14.8,Manager,Retail,SME (50-500),0,Full-Time,0,4,0,0,1,PhD,Tier 1,3,35,HR,88627
EMP0779,Male,6.2,Mid,Technology,Large (500-2000),0,Full-Time,0,2,0,1,0,MBA,Tier 1,2,30,Sales,67515
EMP0780,Male,7.6,Senior,Technology,SME (50-500),0,Full-Time,6,2,0,1,1,Post-Graduate,Tier 2,3,30,Finance,125109
EMP0781,Male,4.4,Mid,Technology,SME (50-500),1,Contract,18,1,0,0,1,Graduate,Tier 1,3,26,HR,54948
EMP0782,Female,7.1,Mid,Retail,SME (50-500),0,Full-Time,18,1,1,0,1,Graduate,Tier 1,4,30,Customer Support,46558
EMP0783,Male,3.2,Mid,Healthcare,Startup (<50),1,Full-Time,0,1,0,1,1,MBA,Tier 3,5,23,Engineering,55424
EMP0784,Male,14.8,Manager,FMCG,Large (500-2000),1,Full-Time,0,5,0,1,0,Post-Graduate,Tier 1,4,36,Finance,130659
EMP0785,Male,2.1,Mid,Technology,MNC (2000+),1,Contract,0,2,0,1,1,Graduate,Tier 2,3,22,Operations,70131
EMP0786,Male,7.9,Senior,Retail,MNC (2000+),1,Full-Time,0,2,0,1,1,High School,Tier 3,3,26,Engineering,67606
EMP0787,Male,13.6,Manager,Education,MNC (2000+),0,Full-Time,0,3,0,0,1,Post-Graduate,Tier 2,3,35,Sales,118263
EMP0788,Female,6.5,Mid,Media,MNC (2000+),0,Contract,0,2,1,0,0,MBA,Tier 1,4,27,HR,53650
EMP0789,Male,10.9,Senior,Technology,Startup (<50),1,Full-Time,0,4,0,1,1,MBA,Tier 3,2,32,Engineering,116960
EMP0790,Male,13.2,Manager,Media,SME (50-500),1,Full-Time,0,4,0,0,0,Graduate,Tier 2,5,39,Finance,134232
EMP0791,Male,0.5,Junior,Healthcare,Large (500-2000),0,Full-Time,0,0,1,0,0,MBA,Tier 1,2,22,Data & Analytics,31243
EMP0792,Female,7.5,Senior,Consulting,SME (50-500),0,Full-Time,6,2,0,0,0,Graduate,Tier 1,3,29,Operations,78176
EMP0793,Female,15.0,Manager,Healthcare,MNC (2000+),0,Full-Time,0,4,1,0,0,Post-Graduate,Tier 3,3,35,Legal,133154
EMP0794,Female,7.2,Mid,Manufacturing,Startup (<50),0,Full-Time,0,2,0,0,0,Graduate,Tier 3,3,31,Data & Analytics,45956
EMP0795,Female,3.6,Junior,Consulting,Large (500-2000),0,Part-Time,24,1,1,0,0,MBA,Tier 3,5,28,Marketing,26556
EMP0796,Male,17.9,Manager,Media,Large (500-2000),1,Contract,3,5,0,0,1,Graduate,Tier 1,4,39,Legal,107033
EMP0797,Male,2.8,Junior,Technology,Large (500-2000),1,Full-Time,0,1,0,1,1,Post-Graduate,Tier 1,3,26,Sales,48358
EMP0798,Female,6.0,Mid,Media,Startup (<50),1,Full-Time,3,1,1,1,0,MBA,Tier 1,1,29,Sales,45455
EMP0799,Female,17.5,Manager,NGO / Social Sector,Startup (<50),0,Full-Time,12,3,1,0,1,Post-Graduate,Tier 2,5,39,Finance,86608
EMP0800,Female,9.5,Senior,Retail,Startup (<50),1,Full-Time,24,2,1,0,0,Post-Graduate,Tier 2,5,30,Data & Analytics,75147
EMP0801,Female,0.5,Junior,Finance & Banking,SME (50-500),0,Full-Time,24,0,1,0,1,MBA,Tier 1,3,25,HR,24621
EMP0802,Male,6.8,Senior,Media,MNC (2000+),1,Full-Time,3,3,0,0,1,Post-Graduate,Tier 2,1,26,Operations,54580
EMP0803,Male,4.3,Mid,Technology,SME (50-500),0,Full-Time,0,1,0,1,0,MBA,Tier 1,4,27,Operations,63386
EMP0804,Female,7.9,Senior,Retail,SME (50-500),0,Full-Time,18,1,0,0,0,Post-Graduate,Tier 3,3,26,Finance,75202
EMP0805,Male,11.3,Senior,Media,SME (50-500),0,Full-Time,6,3,0,1,0,Graduate,Tier 3,2,33,Marketing,45083
EMP0806,Female,6.9,Senior,Retail,SME (50-500),1,Full-Time,6,3,1,0,1,MBA,Tier 2,3,31,Operations,62736
EMP0807,Male,6.6,Senior,Consulting,Large (500-2000),1,Full-Time,0,2,0,0,1,MBA,Tier 3,2,30,Engineering,86770
EMP0808,Male,13.1,Manager,Consulting,Large (500-2000),1,Full-Time,0,4,1,0,1,Graduate,Tier 2,2,33,Customer Support,122249
EMP0809,Female,8.2,Senior,Education,SME (50-500),1,Part-Time,0,1,0,1,1,High School,Tier 1,3,30,HR,61930
EMP0810,Female,9.5,Senior,Healthcare,SME (50-500),1,Contract,12,2,0,0,0,Graduate,Tier 2,2,30,Marketing,63392
EMP0811,Male,11.6,Senior,Media,Large (500-2000),1,Full-Time,3,3,0,0,1,Graduate,Tier 3,4,35,Sales,62526
EMP0812,Male,11.9,Senior,Technology,Large (500-2000),1,Full-Time,18,3,1,1,0,High School,Tier 3,5,36,Engineering,113569
EMP0813,Female,7.0,Mid,Technology,Startup (<50),0,Full-Time,18,1,0,0,0,Graduate,Tier 3,3,30,HR,41795
EMP0814,Female,6.8,Mid,NGO / Social Sector,Startup (<50),0,Full-Time,12,0,1,0,0,PhD,Tier 3,3,30,Legal,25300
EMP0815,Female,11.5,Senior,Education,Large (500-2000),1,Contract,6,3,1,0,0,MBA,Tier 1,4,36,Engineering,95799
EMP0816,Male,2.6,Mid,Finance & Banking,SME (50-500),0,Full-Time,0,1,1,1,0,PhD,Tier 1,3,31,HR,46076
EMP0817,Female,0.5,Junior,Finance & Banking,Large (500-2000),1,Full-Time,0,0,1,0,0,Post-Graduate,Tier 2,1,24,Sales,40903
EMP0818,Female,8.5,Senior,Technology,SME (50-500),0,Full-Time,24,2,1,0,0,Post-Graduate,Tier 1,5,32,Engineering,162050
EMP0819,Female,11.5,Senior,Media,Large (500-2000),0,Full-Time,0,2,1,0,1,PhD,Tier 1,4,34,Customer Support,54223
EMP0820,Female,9.1,Senior,Education,SME (50-500),1,Full-Time,0,2,0,0,1,MBA,Tier 2,4,33,Sales,92261
EMP0821,Male,7.5,Senior,Technology,SME (50-500),1,Full-Time,0,3,0,0,0,Graduate,Tier 1,4,30,Engineering,160882
EMP0822,Female,12.7,Senior,Healthcare,SME (50-500),0,Full-Time,0,3,1,0,1,MBA,Tier 2,2,35,Operations,57332
EMP0823,Female,4.3,Mid,Education,Startup (<50),1,Full-Time,0,2,1,1,0,High School,Tier 2,5,29,Customer Support,30845
EMP0824,Female,0.5,Junior,Education,SME (50-500),1,Contract,6,0,1,0,0,Post-Graduate,Tier 3,2,22,Customer Support,14000
EMP0825,Male,9.6,Senior,Manufacturing,MNC (2000+),1,Full-Time,0,3,0,0,1,Graduate,Tier 3,5,31,Sales,96758
EMP0826,Male,7.4,Senior,Consulting,Large (500-2000),1,Full-Time,3,2,0,1,1,Post-Graduate,Tier 1,1,29,Marketing,99680
EMP0827,Female,10.4,Senior,NGO / Social Sector,SME (50-500),0,Full-Time,6,2,0,0,0,Graduate,Tier 1,4,33,Engineering,63510
EMP0828,Female,9.2,Senior,Technology,SME (50-500),0,Full-Time,0,2,1,1,0,Post-Graduate,Tier 2,4,30,Legal,135014
EMP0829,Male,3.0,Junior,Technology,SME (50-500),1,Full-Time,0,1,0,1,0,Graduate,Tier 2,5,25,Admin,29486
EMP0830,Female,9.3,Senior,Manufacturing,Startup (<50),0,Full-Time,0,2,1,0,0,MBA,Tier 1,4,33,HR,56672
EMP0831,Female,5.3,Mid,Retail,SME (50-500),1,Full-Time,18,1,0,0,0,Post-Graduate,Tier 2,5,28,Marketing,50173
EMP0832,Female,7.8,Senior,Education,SME (50-500),1,Contract,6,2,0,1,0,PhD,Tier 2,2,31,HR,58900
EMP0833,Male,5.3,Mid,NGO / Social Sector,Large (500-2000),1,Full-Time,0,1,0,1,1,MBA,Tier 2,3,30,Data & Analytics,42592
EMP0834,Female,5.7,Mid,FMCG,SME (50-500),0,Part-Time,0,0,1,0,0,MBA,Tier 1,2,32,Sales,63236
EMP0835,Female,8.4,Senior,Education,SME (50-500),0,Full-Time,12,1,1,1,1,MBA,Tier 3,3,32,Operations,48196
EMP0836,Male,0.9,Junior,Manufacturing,SME (50-500),0,Contract,0,0,0,0,0,Graduate,Tier 1,3,23,Finance,29761
EMP0837,Male,14.4,Manager,Media,MNC (2000+),0,Full-Time,0,5,0,0,1,MBA,Tier 3,3,38,Engineering,91791
EMP0838,Male,12.4,Senior,Healthcare,Startup (<50),0,Full-Time,12,4,0,0,0,Post-Graduate,Tier 1,4,36,Operations,52716
EMP0839,Male,14.5,Manager,Retail,SME (50-500),1,Full-Time,0,4,0,0,0,Graduate,Tier 2,4,34,Admin,69941
EMP0840,Male,14.7,Manager,Technology,SME (50-500),0,Full-Time,3,4,0,1,0,Graduate,Tier 2,4,40,Sales,159062
EMP0841,Female,11.5,Senior,Retail,Large (500-2000),0,Full-Time,3,2,0,0,0,Graduate,Tier 1,4,33,HR,72131
EMP0842,Male,9.3,Senior,Healthcare,Startup (<50),1,Full-Time,0,2,0,1,1,Post-Graduate,Tier 2,1,32,Admin,39617
EMP0843,Female,7.1,Mid,NGO / Social Sector,SME (50-500),1,Part-Time,24,1,1,0,1,MBA,Tier 1,2,33,Sales,35322
EMP0844,Female,10.6,Senior,Technology,Startup (<50),0,Full-Time,24,2,1,0,0,MBA,Tier 1,4,33,Customer Support,76385
EMP0845,Female,6.3,Mid,Technology,MNC (2000+),0,Full-Time,0,1,1,1,0,MBA,Tier 2,4,27,Admin,54624
EMP0846,Male,5.0,Mid,Education,Large (500-2000),1,Full-Time,12,1,0,0,0,MBA,Tier 1,5,28,Admin,27745
EMP0847,Female,8.7,Senior,FMCG,MNC (2000+),1,Full-Time,12,2,1,0,0,Graduate,Tier 2,5,32,Customer Support,92018
EMP0848,Male,10.7,Senior,Education,SME (50-500),0,Full-Time,0,4,0,0,0,Graduate,Tier 2,3,32,Engineering,52875
EMP0849,Male,1.3,Junior,Consulting,Startup (<50),1,Full-Time,6,1,1,1,1,Post-Graduate,Tier 1,1,23,Legal,26030
EMP0850,Female,9.5,Senior,Technology,MNC (2000+),0,Full-Time,0,2,1,0,0,Graduate,Tier 3,2,32,Customer Support,83378
EMP0851,Male,8.7,Senior,Media,Startup (<50),1,Full-Time,6,2,0,0,0,Post-Graduate,Tier 2,3,32,Marketing,42039
EMP0852,Male,13.4,Manager,Finance & Banking,MNC (2000+),1,Full-Time,0,3,0,1,0,MBA,Tier 2,2,39,Sales,212320
EMP0853,Male,11.9,Senior,FMCG,MNC (2000+),1,Full-Time,0,3,0,0,1,PhD,Tier 1,4,31,Engineering,99137
EMP0854,Female,5.6,Mid,Media,Large (500-2000),1,Full-Time,6,0,1,1,1,Post-Graduate,Tier 1,4,26,Customer Support,49421
EMP0855,Male,12.1,Senior,Finance & Banking,SME (50-500),1,Full-Time,0,2,0,0,0,Post-Graduate,Tier 1,4,32,Legal,127137
EMP0856,Male,6.1,Mid,Healthcare,SME (50-500),1,Contract,3,2,0,1,1,Post-Graduate,Tier 1,3,31,Operations,51477
EMP0857,Female,5.6,Mid,FMCG,Large (500-2000),1,Contract,3,1,0,0,0,Post-Graduate,Tier 2,4,27,Finance,52521
EMP0858,Female,5.7,Mid,Retail,Large (500-2000),0,Full-Time,12,1,0,0,1,High School,Tier 1,1,29,Customer Support,35139
EMP0859,Female,10.7,Senior,Education,Startup (<50),0,Part-Time,12,1,1,1,0,Graduate,Tier 2,4,35,Legal,51737
EMP0860,Male,11.7,Senior,FMCG,SME (50-500),1,Full-Time,0,4,0,0,0,MBA,Tier 2,4,34,Finance,67884
EMP0861,Male,12.5,Manager,Education,Large (500-2000),1,Contract,3,3,0,0,1,Graduate,Tier 1,3,36,Legal,108181
EMP0862,Female,1.0,Junior,Education,Startup (<50),0,Full-Time,0,0,0,1,0,MBA,Tier 1,4,25,Sales,20849
EMP0863,Male,5.2,Mid,Healthcare,Large (500-2000),1,Full-Time,18,2,0,0,1,MBA,Tier 1,4,28,Data & Analytics,61617
EMP0864,Female,0.5,Junior,Finance & Banking,Startup (<50),0,Contract,0,0,0,1,0,MBA,Tier 1,2,22,Operations,29152
EMP0865,Female,16.7,Manager,Consulting,SME (50-500),0,Full-Time,3,4,0,0,1,PhD,Tier 3,3,34,Customer Support,98040
EMP0866,Female,11.7,Senior,Manufacturing,SME (50-500),0,Full-Time,6,2,1,0,0,Post-Graduate,Tier 1,4,38,Operations,79624
EMP0867,Male,6.3,Senior,Healthcare,Large (500-2000),1,Full-Time,0,1,0,0,1,High School,Tier 1,4,29,Finance,115243
EMP0868,Male,13.1,Manager,Manufacturing,Large (500-2000),0,Full-Time,0,3,0,0,0,MBA,Tier 3,1,38,Data & Analytics,106145
EMP0869,Female,10.9,Senior,Finance & Banking,SME (50-500),1,Full-Time,18,3,0,0,1,Post-Graduate,Tier 1,4,33,Data & Analytics,150523
EMP0870,Female,11.7,Senior,Finance & Banking,Startup (<50),0,Full-Time,24,2,0,0,1,MBA,Tier 2,2,32,Admin,68601
EMP0871,Female,9.1,Senior,Retail,SME (50-500),0,Part-Time,0,1,1,0,1,Graduate,Tier 2,5,30,Legal,86639
EMP0872,Male,6.2,Mid,Manufacturing,Large (500-2000),0,Full-Time,0,1,0,1,1,Graduate,Tier 2,3,28,Sales,39446
EMP0873,Male,6.9,Mid,FMCG,MNC (2000+),0,Full-Time,0,3,0,1,1,Graduate,Tier 2,4,28,Engineering,56357
EMP0874,Female,5.0,Mid,Technology,Startup (<50),0,Full-Time,18,1,1,0,0,Post-Graduate,Tier 1,4,26,Marketing,68640
EMP0875,Male,11.2,Senior,Manufacturing,MNC (2000+),1,Full-Time,0,4,0,0,1,Graduate,Tier 3,5,34,Engineering,124598
EMP0876,Female,10.0,Senior,Manufacturing,Large (500-2000),0,Full-Time,24,1,1,0,0,Graduate,Tier 2,4,32,Finance,96279
EMP0877,Female,13.3,Senior,NGO / Social Sector,Large (500-2000),0,Full-Time,3,3,1,1,1,MBA,Tier 3,2,34,Operations,48580
EMP0878,Female,5.3,Mid,Finance & Banking,SME (50-500),0,Full-Time,0,1,1,0,0,Post-Graduate,Tier 3,2,27,Sales,58900
EMP0879,Male,10.7,Senior,FMCG,Startup (<50),1,Full-Time,18,4,0,1,0,Graduate,Tier 1,4,35,Sales,60225
EMP0880,Female,6.1,Mid,Retail,Startup (<50),1,Full-Time,6,2,0,0,0,MBA,Tier 1,4,24,HR,36248
EMP0881,Female,12.7,Senior,NGO / Social Sector,Large (500-2000),1,Full-Time,18,2,0,0,0,Post-Graduate,Tier 2,4,35,Finance,61923
EMP0882,Female,2.3,Junior,NGO / Social Sector,Large (500-2000),0,Contract,3,1,1,0,0,Post-Graduate,Tier 1,4,22,Engineering,25842
EMP0883,Male,14.9,Manager,Retail,MNC (2000+),0,Full-Time,3,4,0,1,1,MBA,Tier 1,4,36,Sales,151024
EMP0884,Male,14.5,Manager,Manufacturing,Large (500-2000),1,Full-Time,12,4,0,1,0,MBA,Tier 2,5,35,Admin,86279
EMP0885,Male,4.6,Mid,FMCG,Startup (<50),0,Full-Time,0,2,0,1,1,Post-Graduate,Tier 1,2,30,Operations,37194
EMP0886,Male,10.2,Senior,Finance & Banking,MNC (2000+),1,Full-Time,0,2,1,0,0,Graduate,Tier 1,3,35,Customer Support,91365
EMP0887,Female,3.5,Mid,Finance & Banking,MNC (2000+),0,Part-Time,0,1,0,0,0,MBA,Tier 1,3,25,Operations,87655
EMP0888,Male,13.3,Manager,Technology,MNC (2000+),1,Full-Time,18,3,0,0,1,MBA,Tier 1,3,36,Operations,189466
EMP0889,Male,7.9,Senior,Technology,SME (50-500),1,Full-Time,6,3,0,1,0,PhD,Tier 1,3,29,Engineering,144417
EMP0890,Male,13.2,Manager,Technology,MNC (2000+),1,Part-Time,12,4,1,1,0,Post-Graduate,Tier 3,2,33,Engineering,146935
EMP0891,Female,6.7,Mid,Technology,Startup (<50),0,Full-Time,3,1,0,0,0,Graduate,Tier 2,4,29,Marketing,60213
EMP0892,Male,13.3,Manager,Finance & Banking,Large (500-2000),1,Full-Time,0,4,0,1,0,PhD,Tier 1,2,32,Operations,163409
EMP0893,Female,0.9,Junior,FMCG,Startup (<50),0,Full-Time,0,0,0,0,0,Graduate,Tier 1,4,22,HR,15738
EMP0894,Male,10.7,Senior,Retail,SME (50-500),1,Part-Time,3,3,1,0,1,Post-Graduate,Tier 1,5,38,Admin,50916
EMP0895,Female,7.9,Senior,Education,Large (500-2000),0,Full-Time,0,2,1,0,0,Graduate,Tier 3,3,35,Customer Support,49490
EMP0896,Female,3.9,Junior,Retail,MNC (2000+),1,Full-Time,6,1,0,1,1,MBA,Tier 1,5,22,Customer Support,27760
EMP0897,Male,9.2,Senior,Manufacturing,SME (50-500),1,Full-Time,0,3,1,0,0,MBA,Tier 3,3,30,Engineering,89956
EMP0898,Male,8.3,Senior,Healthcare,Large (500-2000),0,Full-Time,0,2,0,0,0,High School,Tier 3,4,33,HR,56940
EMP0899,Male,11.5,Senior,FMCG,MNC (2000+),0,Full-Time,0,3,0,0,0,Post-Graduate,Tier 1,3,30,Operations,68967
EMP0900,Male,9.0,Senior,Technology,Startup (<50),1,Full-Time,0,2,0,0,0,Graduate,Tier 2,3,33,Operations,95665
EMP0901,Female,12.8,Senior,Education,Large (500-2000),0,Full-Time,12,3,1,0,0,Graduate,Tier 2,5,35,Operations,53855
EMP0902,Male,11.5,Senior,Education,MNC (2000+),1,Full-Time,0,3,0,0,0,MBA,Tier 1,4,36,Engineering,87901
EMP0903,Male,11.9,Senior,FMCG,Large (500-2000),1,Full-Time,0,3,0,0,1,Graduate,Tier 1,1,32,Data & Analytics,72160
EMP0904,Male,5.2,Mid,Retail,Large (500-2000),1,Contract,0,2,0,0,0,High School,Tier 1,3,26,Finance,47791
EMP0905,Male,11.9,Senior,Manufacturing,Large (500-2000),1,Full-Time,18,3,0,0,0,Graduate,Tier 1,3,37,Engineering,85014
EMP0906,Male,5.4,Mid,Technology,Large (500-2000),1,Full-Time,0,2,0,1,1,MBA,Tier 1,4,26,Admin,53965
EMP0907,Male,9.2,Senior,Technology,Large (500-2000),1,Part-Time,6,2,1,1,1,Post-Graduate,Tier 3,3,31,Data & Analytics,138370
EMP0908,Male,6.5,Senior,Media,Large (500-2000),0,Full-Time,0,2,0,1,0,Post-Graduate,Tier 1,4,28,Sales,84316
EMP0909,Male,8.5,Senior,Consulting,MNC (2000+),1,Full-Time,12,3,0,1,0,Graduate,Tier 3,5,30,Data & Analytics,104000
EMP0910,Male,7.2,Senior,Healthcare,Large (500-2000),1,Full-Time,0,1,0,0,1,MBA,Tier 1,5,29,Sales,117056
EMP0911,Female,12.4,Senior,Media,Large (500-2000),0,Part-Time,3,3,1,1,1,MBA,Tier 1,3,35,Customer Support,80075
EMP0912,Female,7.6,Mid,Education,Startup (<50),0,Full-Time,24,0,0,0,0,Post-Graduate,Tier 2,2,30,HR,25853
EMP0913,Male,0.5,Junior,Technology,Large (500-2000),1,Full-Time,6,0,1,1,1,MBA,Tier 2,4,23,Customer Support,30940
EMP0914,Male,13.7,Senior,Technology,MNC (2000+),1,Full-Time,12,4,0,0,1,Post-Graduate,Tier 2,3,36,Finance,103513
EMP0915,Male,17.5,Manager,Technology,Startup (<50),1,Full-Time,0,5,0,0,1,Graduate,Tier 1,5,39,Data & Analytics,245174
EMP0916,Male,6.0,Mid,Consulting,MNC (2000+),0,Full-Time,0,1,0,1,1,MBA,Tier 1,4,28,Data & Analytics,67543
EMP0917,Male,12.7,Manager,Healthcare,SME (50-500),1,Full-Time,0,3,0,0,1,Post-Graduate,Tier 1,3,39,Operations,125916
EMP0918,Male,6.3,Mid,Healthcare,Large (500-2000),1,Full-Time,0,1,0,1,0,MBA,Tier 3,3,28,Operations,36068
EMP0919,Female,8.3,Mid,Retail,Large (500-2000),0,Part-Time,12,2,0,0,0,Post-Graduate,Tier 2,2,34,Marketing,33906
EMP0920,Male,4.5,Mid,Finance & Banking,SME (50-500),0,Full-Time,0,0,0,1,1,MBA,Tier 1,4,23,Finance,69764
EMP0921,Male,15.8,Manager,Manufacturing,Large (500-2000),0,Contract,3,5,0,1,0,MBA,Tier 1,3,38,Sales,155899
EMP0922,Female,9.2,Senior,Education,SME (50-500),0,Full-Time,0,2,1,0,1,Graduate,Tier 1,4,29,Admin,42540
EMP0923,Female,8.7,Senior,Media,Startup (<50),0,Full-Time,12,2,1,1,0,Post-Graduate,Tier 2,3,32,HR,43904
EMP0924,Male,7.3,Senior,FMCG,Startup (<50),1,Full-Time,0,3,0,0,0,Graduate,Tier 1,4,26,Engineering,98418
EMP0925,Male,7.6,Senior,Consulting,SME (50-500),1,Part-Time,3,3,0,0,1,Graduate,Tier 2,4,29,Engineering,108724
EMP0926,Female,9.1,Senior,Manufacturing,SME (50-500),1,Full-Time,0,1,1,1,0,MBA,Tier 3,4,37,Operations,61738
EMP0927,Male,5.8,Senior,Manufacturing,SME (50-500),0,Part-Time,0,1,0,0,0,Graduate,Tier 1,3,29,Engineering,78690
EMP0928,Female,9.2,Senior,FMCG,Startup (<50),0,Full-Time,0,1,1,0,0,High School,Tier 2,5,31,Admin,53333
EMP0929,Male,14.9,Manager,Technology,MNC (2000+),1,Full-Time,0,5,0,0,1,MBA,Tier 1,3,39,Finance,256845
EMP0930,Male,11.9,Senior,Media,MNC (2000+),1,Full-Time,0,4,1,1,1,Graduate,Tier 1,2,36,Sales,84079
EMP0931,Male,14.0,Manager,Healthcare,MNC (2000+),1,Full-Time,0,4,0,0,0,PhD,Tier 1,2,36,Operations,133876
EMP0932,Male,8.2,Senior,Healthcare,Large (500-2000),0,Full-Time,18,2,0,1,0,Graduate,Tier 1,4,31,Sales,84646
EMP0933,Male,14.1,Manager,Education,Startup (<50),1,Full-Time,0,5,0,0,0,MBA,Tier 1,3,40,Finance,94407
EMP0934,Female,12.3,Senior,Retail,MNC (2000+),0,Full-Time,3,2,1,0,1,PhD,Tier 1,5,39,Operations,81369
EMP0935,Male,6.9,Senior,Finance & Banking,MNC (2000+),1,Full-Time,0,2,0,1,1,Post-Graduate,Tier 2,4,28,Operations,90733
EMP0936,Male,10.2,Senior,FMCG,Large (500-2000),0,Full-Time,0,4,0,0,0,Graduate,Tier 1,4,31,Engineering,98170
EMP0937,Male,14.3,Manager,Technology,Large (500-2000),0,Full-Time,0,3,0,0,0,Graduate,Tier 3,4,38,Operations,121567
EMP0938,Male,15.7,Manager,Consulting,SME (50-500),1,Full-Time,3,4,0,0,0,Graduate,Tier 3,4,38,Legal,111003
EMP0939,Male,8.8,Senior,FMCG,SME (50-500),1,Full-Time,3,2,0,0,1,Graduate,Tier 1,4,34,Sales,79580
EMP0940,Male,4.4,Mid,NGO / Social Sector,SME (50-500),0,Full-Time,0,1,0,1,0,MBA,Tier 1,4,27,Engineering,31898
EMP0941,Male,5.7,Mid,Technology,Large (500-2000),0,Full-Time,0,1,0,1,1,PhD,Tier 1,3,27,Data & Analytics,78660
EMP0942,Female,1.1,Junior,Retail,MNC (2000+),0,Part-Time,12,0,1,1,0,PhD,Tier 3,5,26,Finance,29098
EMP0943,Female,6.0,Mid,Technology,Large (500-2000),0,Full-Time,6,1,0,0,0,Graduate,Tier 1,3,24,Admin,52750
EMP0944,Female,8.1,Mid,Technology,Startup (<50),0,Full-Time,18,2,1,0,0,MBA,Tier 1,3,29,Sales,79132
EMP0945,Female,5.7,Mid,Healthcare,Startup (<50),0,Full-Time,0,2,1,0,0,PhD,Tier 2,3,28,Marketing,46152
EMP0946,Male,11.9,Senior,Manufacturing,SME (50-500),0,Full-Time,0,3,0,1,1,Post-Graduate,Tier 2,2,32,Finance,82246
EMP0947,Male,6.7,Senior,Healthcare,SME (50-500),1,Contract,0,1,0,1,0,MBA,Tier 1,3,29,Finance,77439
EMP0948,Female,4.8,Mid,NGO / Social Sector,MNC (2000+),0,Full-Time,18,0,1,0,0,MBA,Tier 3,4,27,Marketing,36741
EMP0949,Female,2.2,Junior,Healthcare,Large (500-2000),0,Part-Time,0,0,0,0,0,MBA,Tier 3,3,25,Data & Analytics,38699
EMP0950,Male,7.1,Senior,Technology,SME (50-500),1,Full-Time,0,2,0,0,1,Graduate,Tier 3,4,32,Sales,120454
EMP0951,Female,2.8,Junior,Manufacturing,SME (50-500),0,Full-Time,6,0,1,0,0,Graduate,Tier 2,3,25,Finance,33450
EMP0952,Female,13.1,Manager,Education,SME (50-500),0,Full-Time,24,3,1,0,0,Post-Graduate,Tier 1,5,36,Engineering,133863
EMP0953,Female,13.1,Manager,Finance & Banking,SME (50-500),0,Full-Time,3,3,1,0,1,Post-Graduate,Tier 2,2,38,Data & Analytics,219316
EMP0954,Male,2.8,Mid,Technology,MNC (2000+),1,Full-Time,0,0,0,0,0,Post-Graduate,Tier 1,2,25,Engineering,75371
EMP0955,Male,1.5,Junior,Retail,Large (500-2000),1,Full-Time,0,1,0,0,0,Graduate,Tier 3,5,25,Sales,25803
EMP0956,Male,12.4,Senior,Finance & Banking,Large (500-2000),1,Part-Time,0,5,0,0,1,Post-Graduate,Tier 3,4,32,Operations,93651
EMP0957,Female,7.3,Mid,Finance & Banking,Large (500-2000),0,Full-Time,6,2,1,1,1,MBA,Tier 3,3,29,Finance,82732
EMP0958,Female,0.5,Junior,Healthcare,Large (500-2000),0,Full-Time,0,1,1,0,1,MBA,Tier 2,5,25,HR,20650
EMP0959,Female,0.5,Junior,Retail,SME (50-500),0,Full-Time,3,1,0,0,0,Graduate,Tier 2,3,22,Sales,27400
EMP0960,Male,5.6,Mid,Finance & Banking,SME (50-500),1,Full-Time,3,1,0,0,1,Graduate,Tier 3,3,30,Engineering,74820
EMP0961,Female,12.3,Senior,FMCG,SME (50-500),0,Full-Time,18,3,1,0,1,MBA,Tier 1,4,33,Marketing,93634
EMP0962,Male,14.0,Manager,Technology,SME (50-500),1,Full-Time,18,4,0,1,1,Graduate,Tier 2,5,40,Engineering,202464
EMP0963,Female,4.1,Mid,Media,Large (500-2000),0,Full-Time,12,0,0,1,0,Post-Graduate,Tier 1,3,28,Marketing,40749
EMP0964,Male,7.4,Senior,Education,Startup (<50),0,Full-Time,12,2,0,0,1,MBA,Tier 2,3,28,Data & Analytics,45435
EMP0965,Male,10.7,Senior,Education,Startup (<50),1,Full-Time,12,3,0,1,1,Post-Graduate,Tier 3,5,34,Sales,54144
EMP0966,Female,1.3,Junior,FMCG,Large (500-2000),0,Part-Time,18,0,1,0,0,MBA,Tier 2,3,23,Admin,19870
EMP0967,Female,6.2,Mid,Technology,SME (50-500),0,Full-Time,12,1,0,0,1,Post-Graduate,Tier 1,4,30,Finance,83189
EMP0968,Female,14.4,Manager,Consulting,Large (500-2000),0,Full-Time,12,2,0,0,0,MBA,Tier 2,3,35,Data & Analytics,157913
EMP0969,Female,15.3,Manager,Education,MNC (2000+),0,Contract,18,3,1,0,0,Post-Graduate,Tier 2,3,33,Data & Analytics,140838
EMP0970,Male,7.9,Senior,Technology,SME (50-500),0,Full-Time,0,3,0,1,0,MBA,Tier 3,3,28,Sales,106084
EMP0971,Male,6.2,Mid,Consulting,Large (500-2000),1,Contract,0,2,0,0,1,Post-Graduate,Tier 2,5,29,Finance,67686
EMP0972,Female,7.1,Senior,Retail,Startup (<50),1,Full-Time,3,2,1,1,0,MBA,Tier 3,4,34,Finance,72796
EMP0973,Female,6.7,Mid,Finance & Banking,SME (50-500),0,Contract,0,2,1,0,0,MBA,Tier 1,5,27,HR,74660
EMP0974,Male,9.3,Senior,FMCG,Large (500-2000),0,Full-Time,0,2,0,0,1,Post-Graduate,Tier 1,4,31,Finance,89279
EMP0975,Female,8.1,Senior,Media,SME (50-500),0,Contract,3,3,1,0,0,MBA,Tier 1,3,30,Admin,49876
EMP0976,Male,9.5,Senior,Technology,Large (500-2000),1,Full-Time,0,3,0,1,1,Post-Graduate,Tier 1,2,29,Data & Analytics,150160
EMP0977,Female,10.1,Senior,FMCG,Startup (<50),0,Full-Time,3,2,0,1,1,High School,Tier 3,2,30,Data & Analytics,76111
EMP0978,Female,9.6,Senior,NGO / Social Sector,Large (500-2000),1,Full-Time,6,2,1,1,0,MBA,Tier 2,3,31,Legal,72730
EMP0979,Female,10.7,Senior,Education,Startup (<50),0,Full-Time,3,3,1,1,0,Post-Graduate,Tier 3,3,33,Operations,52557
EMP0980,Female,3.8,Junior,Retail,Large (500-2000),0,Part-Time,0,0,1,0,0,Graduate,Tier 1,4,27,Customer Support,23723
EMP0981,Male,8.6,Senior,Consulting,Startup (<50),1,Full-Time,12,3,0,0,1,Graduate,Tier 2,3,34,Sales,67554
EMP0982,Female,7.5,Mid,Technology,SME (50-500),0,Full-Time,0,1,0,0,0,PhD,Tier 2,4,31,Admin,49235
EMP0983,Female,8.7,Senior,Manufacturing,MNC (2000+),0,Part-Time,18,2,1,0,1,Graduate,Tier 3,4,33,Operations,63210
EMP0984,Male,13.6,Manager,Finance & Banking,MNC (2000+),1,Full-Time,0,4,0,0,1,Post-Graduate,Tier 1,4,36,Data & Analytics,261183
EMP0985,Female,2.4,Junior,Retail,Startup (<50),0,Full-Time,12,0,1,1,1,Post-Graduate,Tier 2,2,25,Sales,22006
EMP0986,Female,12.4,Senior,Finance & Banking,Large (500-2000),1,Full-Time,12,2,0,1,1,Post-Graduate,Tier 2,4,32,Operations,120206
EMP0987,Male,12.6,Manager,FMCG,Large (500-2000),1,Full-Time,3,4,0,0,1,MBA,Tier 2,4,37,Customer Support,110950
EMP0988,Female,13.8,Senior,Healthcare,Large (500-2000),0,Full-Time,18,2,1,1,0,Post-Graduate,Tier 2,5,37,HR,81213
EMP0989,Male,13.2,Manager,FMCG,Startup (<50),0,Full-Time,6,3,0,1,0,PhD,Tier 1,1,34,Marketing,68958
EMP0990,Male,5.6,Senior,Retail,MNC (2000+),1,Full-Time,0,1,0,1,1,Post-Graduate,Tier 1,3,30,Data & Analytics,85089
EMP0991,Female,8.2,Senior,Consulting,Large (500-2000),0,Full-Time,12,1,1,0,1,Post-Graduate,Tier 3,3,29,Customer Support,67321
EMP0992,Female,7.6,Mid,Manufacturing,Startup (<50),0,Contract,12,2,1,0,0,Post-Graduate,Tier 1,1,29,Marketing,42194
EMP0993,Female,3.2,Junior,FMCG,Large (500-2000),0,Full-Time,24,0,0,0,1,High School,Tier 1,4,23,HR,22716
EMP0994,Female,7.0,Mid,Education,Startup (<50),0,Full-Time,24,1,0,0,0,High School,Tier 1,4,31,Admin,20579
EMP0995,Male,11.1,Senior,Technology,SME (50-500),0,Full-Time,0,3,0,0,1,MBA,Tier 1,3,32,Customer Support,89148
EMP0996,Male,11.7,Senior,Education,SME (50-500),1,Full-Time,6,3,0,1,0,Graduate,Tier 2,2,35,Operations,53253
EMP0997,Male,12.9,Manager,Manufacturing,SME (50-500),1,Full-Time,3,2,0,1,0,Post-Graduate,Tier 2,4,37,Finance,127433
EMP0998,Female,9.8,Senior,Technology,Large (500-2000),0,Contract,18,2,0,0,1,Graduate,Tier 2,5,31,Admin,88902
EMP0999,Male,0.5,Junior,Manufacturing,Large (500-2000),0,Contract,6,0,0,0,0,Graduate,Tier 1,4,23,Engineering,28512
EMP1000,Female,5.6,Mid,Education,SME (50-500),0,Full-Time,24,2,0,0,0,MBA,Tier 2,4,23,Engineering,41132
EMP1001,Female,11.4,Senior,Technology,MNC (2000+),1,Full-Time,12,2,1,0,0,Graduate,Tier 1,3,34,HR,115661
EMP1002,Female,9.6,Senior,Retail,Large (500-2000),1,Part-Time,24,2,1,0,1,Post-Graduate,Tier 2,2,35,Operations,61677
EMP1003,Male,9.5,Senior,Manufacturing,MNC (2000+),1,Full-Time,3,3,0,0,1,Post-Graduate,Tier 2,2,32,Admin,56439
EMP1004,Female,7.3,Mid,NGO / Social Sector,SME (50-500),1,Full-Time,0,2,0,0,1,Post-Graduate,Tier 1,4,31,Data & Analytics,51251
EMP1005,Male,11.7,Senior,NGO / Social Sector,Startup (<50),1,Full-Time,0,3,0,0,0,MBA,Tier 3,3,32,Marketing,36117
EMP1006,Female,4.2,Mid,Retail,Startup (<50),0,Full-Time,18,1,1,1,1,Post-Graduate,Tier 3,3,28,Admin,28745
EMP1007,Male,11.4,Senior,Finance & Banking,MNC (2000+),1,Full-Time,0,3,0,0,1,MBA,Tier 1,5,31,Admin,84265
EMP1008,Male,9.3,Senior,FMCG,SME (50-500),1,Full-Time,0,2,0,1,1,MBA,Tier 3,4,27,Finance,80990
EMP1009,Female,6.3,Mid,Healthcare,SME (50-500),0,Full-Time,0,1,1,0,0,Post-Graduate,Tier 1,3,29,HR,46190
EMP1010,Male,17.0,Manager,Technology,Large (500-2000),1,Full-Time,0,5,0,1,0,MBA,Tier 1,4,39,Sales,202547
EMP1011,Male,6.8,Senior,NGO / Social Sector,Startup (<50),1,Full-Time,3,1,1,0,0,PhD,Tier 2,3,29,Sales,44594
EMP1012,Male,6.7,Senior,Manufacturing,Startup (<50),0,Full-Time,0,2,0,0,1,Graduate,Tier 1,2,31,Legal,65752
EMP1013,Male,3.9,Mid,Finance & Banking,Startup (<50),1,Full-Time,0,2,0,1,1,Graduate,Tier 1,5,25,Sales,70075
EMP1014,Male,11.2,Senior,Technology,SME (50-500),1,Contract,0,3,0,0,0,Graduate,Tier 3,4,33,Finance,117722
EMP1015,Female,8.3,Senior,Technology,Large (500-2000),1,Full-Time,12,2,0,0,0,Post-Graduate,Tier 2,3,33,Admin,72371
EMP1016,Female,11.2,Senior,Healthcare,Large (500-2000),0,Full-Time,0,2,0,0,0,MBA,Tier 2,3,35,Finance,108596
EMP1017,Male,11.1,Senior,Technology,MNC (2000+),1,Full-Time,12,4,0,1,0,PhD,Tier 3,3,37,Marketing,115338
EMP1018,Female,5.0,Mid,NGO / Social Sector,SME (50-500),0,Full-Time,12,0,1,0,0,Post-Graduate,Tier 2,4,27,Data & Analytics,37124
EMP1019,Male,18.4,Manager,Consulting,Startup (<50),1,Full-Time,12,6,0,0,1,PhD,Tier 2,4,42,Operations,133524
EMP1020,Male,8.1,Senior,Manufacturing,Large (500-2000),1,Full-Time,6,3,1,1,1,High School,Tier 1,4,31,Customer Support,80488
EMP1021,Female,12.2,Senior,Consulting,Startup (<50),0,Full-Time,6,2,1,0,0,MBA,Tier 3,4,33,Finance,99987
EMP1022,Male,10.3,Senior,Finance & Banking,Large (500-2000),1,Full-Time,0,3,0,0,1,Graduate,Tier 3,3,34,Engineering,99017
EMP1023,Female,5.1,Mid,Education,MNC (2000+),0,Full-Time,0,2,0,1,0,Post-Graduate,Tier 3,5,28,HR,39261
EMP1024,Female,12.8,Senior,FMCG,SME (50-500),0,Part-Time,24,3,0,0,0,Post-Graduate,Tier 3,4,32,Legal,79500
EMP1025,Male,6.1,Mid,Healthcare,Large (500-2000),0,Part-Time,0,1,0,0,1,MBA,Tier 3,4,28,Engineering,60070
EMP1026,Male,12.1,Manager,Media,Startup (<50),1,Full-Time,3,3,0,1,0,MBA,Tier 1,4,35,Marketing,80928
EMP1027,Male,11.8,Senior,Technology,Large (500-2000),1,Full-Time,0,4,0,0,0,MBA,Tier 3,2,34,Operations,85420
EMP1028,Female,8.5,Senior,Media,Startup (<50),0,Full-Time,12,2,0,0,0,Graduate,Tier 1,4,33,Data & Analytics,97988
EMP1029,Male,8.9,Senior,Consulting,MNC (2000+),1,Full-Time,0,2,0,0,0,MBA,Tier 2,5,36,Operations,84704
EMP1030,Female,7.9,Mid,Healthcare,SME (50-500),0,Full-Time,6,2,1,0,0,Post-Graduate,Tier 2,4,30,Operations,45321
EMP1031,Male,10.1,Senior,Manufacturing,Large (500-2000),1,Full-Time,6,3,0,0,1,MBA,Tier 2,3,31,HR,71242
EMP1032,Male,6.6,Senior,Media,Large (500-2000),0,Contract,3,2,0,0,0,Post-Graduate,Tier 2,3,26,Data & Analytics,59962
EMP1033,Female,5.8,Mid,Retail,Startup (<50),0,Full-Time,0,1,1,0,0,Graduate,Tier 2,3,27,Data & Analytics,60226
EMP1034,Male,18.8,Manager,Manufacturing,Large (500-2000),1,Full-Time,0,6,0,1,0,Post-Graduate,Tier 2,3,44,Admin,91657
EMP1035,Female,7.6,Mid,Technology,Startup (<50),0,Full-Time,0,1,0,0,0,Graduate,Tier 1,3,31,Data & Analytics,85915
EMP1036,Female,16.1,Manager,Retail,SME (50-500),0,Full-Time,6,4,0,0,0,MBA,Tier 2,2,40,Data & Analytics,129906
EMP1037,Male,8.3,Senior,Consulting,Startup (<50),1,Full-Time,0,1,0,0,0,Graduate,Tier 2,2,30,Operations,63267
EMP1038,Male,11.9,Senior,Healthcare,Large (500-2000),1,Full-Time,0,3,0,0,1,Post-Graduate,Tier 2,2,33,Finance,92254
EMP1039,Male,13.7,Manager,Technology,Startup (<50),1,Contract,0,5,1,1,0,Post-Graduate,Tier 1,3,38,Engineering,217472
EMP1040,Male,7.6,Senior,Education,MNC (2000+),1,Full-Time,0,3,0,0,0,Post-Graduate,Tier 2,5,27,Sales,76058
EMP1041,Female,7.6,Mid,Education,MNC (2000+),0,Full-Time,0,2,1,1,1,Graduate,Tier 1,2,31,Customer Support,41993
EMP1042,Male,12.7,Manager,Manufacturing,SME (50-500),1,Full-Time,0,3,0,1,0,High School,Tier 1,3,36,Sales,131694
EMP1043,Female,11.1,Senior,Manufacturing,Startup (<50),0,Full-Time,3,3,1,0,0,Graduate,Tier 2,3,32,Data & Analytics,99298
EMP1044,Female,5.1,Mid,Retail,Large (500-2000),1,Part-Time,12,0,0,1,0,PhD,Tier 2,2,28,Marketing,56283
EMP1045,Female,8.1,Senior,Education,Large (500-2000),0,Part-Time,12,2,1,1,1,MBA,Tier 1,4,28,Operations,56542
EMP1046,Male,3.3,Mid,Finance & Banking,Startup (<50),1,Full-Time,0,2,0,1,1,MBA,Tier 3,2,22,Finance,41066
EMP1047,Male,15.1,Manager,Retail,SME (50-500),1,Full-Time,0,5,1,0,1,High School,Tier 3,2,38,HR,67355
EMP1048,Female,5.0,Mid,Technology,MNC (2000+),0,Full-Time,6,1,1,0,0,Graduate,Tier 1,3,29,Admin,77639
EMP1049,Male,7.3,Senior,FMCG,SME (50-500),1,Full-Time,0,3,0,1,0,PhD,Tier 2,3,30,Engineering,68244
EMP1050,Male,7.8,Senior,Finance & Banking,SME (50-500),0,Full-Time,0,2,0,0,0,Graduate,Tier 3,4,29,Finance,84842
EMP1051,Male,13.9,Manager,Consulting,MNC (2000+),1,Full-Time,0,5,0,0,0,Post-Graduate,Tier 2,1,36,Finance,149673
EMP1052,Male,13.3,Manager,FMCG,MNC (2000+),0,Full-Time,0,5,0,0,1,Post-Graduate,Tier 3,3,35,Data & Analytics,122274
EMP1053,Female,11.3,Senior,Technology,SME (50-500),0,Contract,0,3,1,0,0,Post-Graduate,Tier 2,1,31,HR,77521
EMP1054,Male,8.3,Senior,Manufacturing,Startup (<50),0,Full-Time,0,2,0,0,1,PhD,Tier 2,2,30,Engineering,80732
EMP1055,Female,5.3,Mid,Retail,SME (50-500),0,Full-Time,12,2,1,0,1,MBA,Tier 1,4,29,HR,42567
EMP1056,Male,8.1,Senior,Healthcare,MNC (2000+),1,Full-Time,0,2,0,1,1,Post-Graduate,Tier 1,3,31,Marketing,93827
EMP1057,Male,15.8,Manager,Technology,Startup (<50),1,Full-Time,0,4,0,1,0,Post-Graduate,Tier 1,5,38,Engineering,254058
EMP1058,Male,9.6,Senior,Finance & Banking,Large (500-2000),1,Full-Time,0,3,0,1,1,Post-Graduate,Tier 1,3,31,Sales,138419
EMP1059,Male,9.4,Senior,Technology,Startup (<50),1,Full-Time,0,3,0,0,1,Post-Graduate,Tier 3,2,31,Engineering,118818
EMP1060,Female,11.2,Senior,Education,Startup (<50),0,Full-Time,6,2,1,0,1,Post-Graduate,Tier 1,4,32,Legal,71037
EMP1061,Male,10.2,Senior,Manufacturing,Startup (<50),1,Full-Time,0,3,1,0,0,PhD,Tier 3,4,33,Finance,64326
EMP1062,Female,2.1,Junior,Consulting,SME (50-500),0,Full-Time,6,0,1,1,0,PhD,Tier 2,3,22,Operations,30449
EMP1063,Female,1.0,Junior,NGO / Social Sector,SME (50-500),0,Full-Time,0,1,0,1,0,Post-Graduate,Tier 1,3,23,Finance,20997
EMP1064,Female,8.0,Mid,Healthcare,MNC (2000+),1,Full-Time,6,2,0,0,1,MBA,Tier 2,4,32,Operations,64282
EMP1065,Female,6.8,Mid,Technology,SME (50-500),0,Full-Time,0,1,0,1,1,Post-Graduate,Tier 2,3,27,Admin,41746
EMP1066,Male,3.8,Mid,Technology,Startup (<50),0,Full-Time,0,1,0,0,1,Graduate,Tier 2,3,24,Sales,62648
EMP1067,Male,15.3,Manager,Manufacturing,Large (500-2000),1,Full-Time,0,3,0,1,0,Post-Graduate,Tier 2,3,36,Finance,158036
EMP1068,Male,16.1,Manager,Manufacturing,SME (50-500),0,Full-Time,0,3,0,0,0,MBA,Tier 1,3,38,Sales,142276
EMP1069,Male,15.2,Manager,Consulting,MNC (2000+),1,Full-Time,0,5,0,0,0,Graduate,Tier 3,2,41,Sales,149819
EMP1070,Female,5.1,Mid,Retail,Large (500-2000),0,Contract,18,0,0,1,0,MBA,Tier 1,5,26,Marketing,40236
EMP1071,Male,3.2,Mid,Finance & Banking,Startup (<50),0,Full-Time,0,0,0,0,0,MBA,Tier 2,5,25,Finance,50318
EMP1072,Male,7.9,Senior,Technology,MNC (2000+),1,Full-Time,0,2,0,0,1,MBA,Tier 1,5,28,Admin,116960
EMP1073,Female,2.3,Junior,Consulting,SME (50-500),0,Full-Time,0,1,1,0,0,Post-Graduate,Tier 2,3,24,Operations,34551
EMP1074,Female,6.6,Mid,NGO / Social Sector,Large (500-2000),0,Full-Time,6,2,1,1,0,Graduate,Tier 2,4,26,Operations,25908
EMP1075,Male,5.9,Mid,Media,Startup (<50),1,Part-Time,0,2,1,0,0,Post-Graduate,Tier 2,2,27,Data & Analytics,31965
EMP1076,Male,4.6,Mid,Education,Large (500-2000),1,Full-Time,3,2,1,1,0,PhD,Tier 2,2,23,Data & Analytics,38914
EMP1077,Female,5.6,Mid,Retail,SME (50-500),0,Full-Time,12,1,0,1,0,PhD,Tier 1,3,26,Customer Support,37177
EMP1078,Male,5.1,Mid,Education,SME (50-500),0,Full-Time,0,1,0,0,1,Graduate,Tier 1,2,26,Operations,27925
EMP1079,Female,2.0,Junior,Healthcare,Startup (<50),0,Full-Time,18,0,1,1,1,PhD,Tier 3,5,22,Marketing,22302
EMP1080,Male,4.3,Mid,Finance & Banking,Large (500-2000),1,Full-Time,0,1,0,0,1,Graduate,Tier 3,3,23,Data & Analytics,60181
EMP1081,Male,10.8,Senior,FMCG,SME (50-500),1,Full-Time,0,4,0,1,1,Graduate,Tier 2,5,34,HR,60435
EMP1082,Female,6.6,Mid,Healthcare,SME (50-500),0,Contract,0,1,1,1,0,Graduate,Tier 1,5,32,Operations,63265
EMP1083,Male,14.4,Manager,Technology,Large (500-2000),1,Contract,0,4,0,1,1,Post-Graduate,Tier 1,3,36,Data & Analytics,231753
EMP1084,Male,18.8,Director,FMCG,Startup (<50),0,Full-Time,0,6,0,1,1,MBA,Tier 3,4,41,Finance,181557
EMP1085,Male,14.8,Manager,Healthcare,SME (50-500),1,Full-Time,0,4,0,1,0,Graduate,Tier 1,3,41,Data & Analytics,147847
EMP1086,Female,12.0,Senior,Technology,Startup (<50),0,Part-Time,12,2,1,0,0,Graduate,Tier 2,4,33,Admin,61317
EMP1087,Female,11.8,Senior,Technology,SME (50-500),0,Full-Time,6,2,1,0,1,MBA,Tier 3,3,34,Finance,121901
EMP1088,Male,3.1,Mid,Manufacturing,SME (50-500),1,Full-Time,0,2,0,1,1,MBA,Tier 2,4,26,Admin,36846
EMP1089,Female,12.3,Senior,Media,Large (500-2000),0,Full-Time,18,3,1,1,1,High School,Tier 2,5,36,Operations,66385
EMP1090,Male,9.0,Senior,Media,Large (500-2000),1,Full-Time,12,2,0,0,1,PhD,Tier 3,1,28,Operations,50888
EMP1091,Male,1.3,Junior,Manufacturing,Large (500-2000),0,Contract,3,0,0,1,0,Post-Graduate,Tier 2,3,22,Engineering,28915
EMP1092,Female,1.3,Junior,Media,Startup (<50),0,Full-Time,6,0,1,0,1,Graduate,Tier 3,3,25,Customer Support,14043
EMP1093,Male,12.4,Manager,Media,Startup (<50),1,Full-Time,0,4,0,1,1,PhD,Tier 2,4,36,Engineering,88957
EMP1094,Male,6.6,Senior,Technology,Large (500-2000),0,Full-Time,0,2,0,1,0,Post-Graduate,Tier 1,4,29,Finance,132380
EMP1095,Female,6.6,Mid,Retail,SME (50-500),0,Full-Time,0,2,0,0,0,Graduate,Tier 2,3,34,Sales,59585
EMP1096,Female,10.0,Senior,Technology,SME (50-500),1,Contract,0,2,1,0,0,Graduate,Tier 2,2,33,Marketing,128294
EMP1097,Female,8.9,Senior,Consulting,Large (500-2000),1,Full-Time,0,1,0,0,0,Graduate,Tier 1,5,30,Finance,159136
EMP1098,Male,8.0,Senior,FMCG,MNC (2000+),1,Full-Time,0,3,0,1,1,MBA,Tier 2,3,32,Data & Analytics,109523
EMP1099,Male,12.4,Senior,NGO / Social Sector,SME (50-500),1,Part-Time,0,4,0,0,0,Graduate,Tier 1,2,31,Sales,41232
EMP1100,Female,5.9,Mid,Education,SME (50-500),0,Full-Time,12,0,1,0,1,Post-Graduate,Tier 3,4,31,Sales,30705
EMP1101,Male,12.3,Senior,Consulting,MNC (2000+),0,Full-Time,0,4,0,1,0,Post-Graduate,Tier 1,4,32,Finance,104067
EMP1102,Female,8.9,Senior,Retail,SME (50-500),1,Full-Time,24,1,0,0,1,PhD,Tier 2,3,31,Operations,59374
EMP1103,Male,14.6,Manager,Manufacturing,SME (50-500),0,Full-Time,0,4,0,0,1,Graduate,Tier 1,4,37,Engineering,129675
EMP1104,Male,11.9,Senior,Manufacturing,SME (50-500),1,Full-Time,12,4,0,0,0,Graduate,Tier 1,2,35,Data & Analytics,85906
EMP1105,Male,7.1,Senior,Retail,Startup (<50),1,Full-Time,0,2,0,1,1,MBA,Tier 3,3,26,HR,42053
EMP1106,Female,1.6,Junior,Technology,Startup (<50),0,Full-Time,0,0,1,1,1,High School,Tier 1,3,27,Marketing,41722
EMP1107,Female,6.0,Mid,Education,SME (50-500),1,Full-Time,12,1,1,0,0,High School,Tier 2,5,29,HR,32713
EMP1108,Male,1.3,Junior,Finance & Banking,MNC (2000+),1,Full-Time,6,0,0,0,0,Graduate,Tier 2,5,22,Finance,39561
EMP1109,Male,14.3,Manager,Consulting,SME (50-500),1,Full-Time,0,5,0,0,1,Post-Graduate,Tier 2,4,41,HR,102726
EMP1110,Female,9.9,Senior,NGO / Social Sector,Large (500-2000),0,Full-Time,12,2,1,0,0,Graduate,Tier 1,3,34,Data & Analytics,78403
EMP1111,Male,14.0,Manager,Technology,Large (500-2000),1,Full-Time,0,4,0,0,1,Graduate,Tier 1,4,35,Marketing,174570
EMP1112,Male,10.4,Senior,Technology,SME (50-500),1,Full-Time,3,3,0,1,1,Graduate,Tier 1,3,33,Operations,99910
EMP1113,Female,15.6,Manager,FMCG,SME (50-500),1,Part-Time,3,3,1,0,0,MBA,Tier 1,5,38,HR,127847
EMP1114,Male,19.3,Manager,Retail,Startup (<50),0,Contract,3,5,0,0,1,Post-Graduate,Tier 2,2,42,Marketing,92518
EMP1115,Male,14.1,Manager,Manufacturing,Large (500-2000),1,Full-Time,18,4,0,0,1,PhD,Tier 3,3,37,Legal,98261
EMP1116,Female,5.1,Mid,Healthcare,MNC (2000+),0,Full-Time,12,1,1,0,0,MBA,Tier 1,2,27,Customer Support,40484
EMP1117,Female,8.5,Senior,Technology,MNC (2000+),0,Full-Time,0,3,1,1,1,PhD,Tier 2,4,31,Legal,163371
EMP1118,Female,6.0,Mid,Media,SME (50-500),0,Part-Time,24,2,0,0,0,PhD,Tier 2,5,30,HR,34361
EMP1119,Female,15.0,Manager,Healthcare,SME (50-500),1,Full-Time,12,2,1,0,1,Post-Graduate,Tier 1,4,38,Admin,109056
EMP1120,Male,11.5,Senior,Technology,Startup (<50),0,Contract,0,3,0,1,0,Graduate,Tier 2,2,36,Finance,99241
EMP1121,Female,9.6,Senior,NGO / Social Sector,SME (50-500),0,Full-Time,0,1,1,0,0,Graduate,Tier 1,3,35,Engineering,72453
EMP1122,Female,16.7,Manager,FMCG,SME (50-500),0,Full-Time,6,4,1,0,0,Post-Graduate,Tier 1,3,38,HR,86173
EMP1123,Male,10.9,Senior,FMCG,SME (50-500),1,Full-Time,0,3,1,0,1,Graduate,Tier 2,5,34,Finance,81280
EMP1124,Male,18.7,Manager,Manufacturing,Large (500-2000),0,Full-Time,0,7,0,0,0,High School,Tier 1,5,42,Sales,166759
EMP1125,Male,8.0,Senior,FMCG,MNC (2000+),0,Full-Time,0,2,0,0,1,PhD,Tier 2,4,36,Data & Analytics,86654
EMP1126,Male,3.9,Mid,Consulting,Large (500-2000),1,Full-Time,3,0,0,1,0,Graduate,Tier 1,3,27,Finance,62074
EMP1127,Female,14.6,Manager,Finance & Banking,MNC (2000+),0,Contract,3,3,0,0,0,Post-Graduate,Tier 2,3,38,Engineering,209855
EMP1128,Male,11.0,Senior,Manufacturing,Large (500-2000),1,Full-Time,0,3,0,0,1,MBA,Tier 1,4,35,Data & Analytics,105002
EMP1129,Male,10.6,Senior,Technology,MNC (2000+),1,Full-Time,0,4,0,1,1,Post-Graduate,Tier 2,3,33,Finance,155290
EMP1130,Female,9.9,Senior,Healthcare,SME (50-500),0,Contract,12,2,0,0,0,Post-Graduate,Tier 3,4,35,Marketing,65811
EMP1131,Male,4.5,Mid,Finance & Banking,SME (50-500),1,Full-Time,0,0,0,1,0,High School,Tier 3,5,28,Data & Analytics,78692
EMP1132,Male,9.4,Senior,Retail,Large (500-2000),1,Full-Time,12,3,0,1,1,Graduate,Tier 1,2,29,Engineering,85393
EMP1133,Male,6.7,Mid,Consulting,Startup (<50),1,Contract,0,3,0,0,1,MBA,Tier 3,3,32,Sales,46212
EMP1134,Male,7.3,Senior,Technology,MNC (2000+),1,Full-Time,0,3,0,0,1,High School,Tier 3,4,29,Sales,102120
EMP1135,Female,7.8,Mid,NGO / Social Sector,Startup (<50),0,Full-Time,0,2,1,1,1,Post-Graduate,Tier 2,4,31,Marketing,33400
EMP1136,Female,12.4,Senior,Education,SME (50-500),0,Full-Time,0,2,1,0,0,MBA,Tier 1,2,34,Operations,55436
EMP1137,Male,1.5,Junior,Consulting,Large (500-2000),1,Full-Time,0,1,0,0,0,MBA,Tier 2,3,24,Engineering,32720
EMP1138,Male,14.9,Manager,Technology,MNC (2000+),0,Contract,3,4,0,1,0,Graduate,Tier 1,4,40,Customer Support,148737
EMP1139,Male,4.8,Mid,Media,MNC (2000+),0,Full-Time,0,1,0,0,1,MBA,Tier 1,2,30,Engineering,52112
EMP1140,Male,5.9,Senior,Technology,MNC (2000+),1,Part-Time,0,3,0,1,1,MBA,Tier 1,4,30,Engineering,150241
EMP1141,Male,8.7,Senior,Technology,Startup (<50),0,Full-Time,3,3,0,1,1,Graduate,Tier 1,4,28,Data & Analytics,108973
EMP1142,Male,6.1,Senior,FMCG,SME (50-500),0,Full-Time,0,1,0,1,1,High School,Tier 3,5,31,HR,44155
EMP1143,Female,6.9,Mid,Education,MNC (2000+),0,Full-Time,12,1,1,1,0,MBA,Tier 1,4,28,Customer Support,47698
EMP1144,Female,11.3,Senior,Technology,Startup (<50),1,Full-Time,12,3,0,1,1,MBA,Tier 1,2,35,Admin,93335
EMP1145,Male,5.9,Mid,Healthcare,SME (50-500),1,Full-Time,0,2,1,1,1,MBA,Tier 1,3,24,Legal,55525
EMP1146,Female,4.4,Mid,Finance & Banking,SME (50-500),0,Contract,0,0,0,1,0,PhD,Tier 1,5,25,Engineering,100338
EMP1147,Male,6.3,Senior,Manufacturing,Large (500-2000),0,Full-Time,0,2,0,1,0,Graduate,Tier 1,3,28,Sales,101031
EMP1148,Female,10.1,Senior,Healthcare,Large (500-2000),0,Full-Time,0,2,1,0,0,Post-Graduate,Tier 1,4,30,Operations,98260
EMP1149,Male,10.7,Senior,Media,Startup (<50),1,Full-Time,0,4,0,1,1,Graduate,Tier 1,2,32,Data & Analytics,56118
EMP1150,Female,14.5,Manager,Healthcare,Large (500-2000),1,Full-Time,6,4,1,1,0,High School,Tier 2,2,37,HR,117119
EMP1151,Male,8.9,Senior,FMCG,SME (50-500),1,Full-Time,0,3,0,0,0,MBA,Tier 2,3,30,Marketing,63983
EMP1152,Female,9.4,Senior,Consulting,MNC (2000+),0,Full-Time,18,2,1,1,1,Graduate,Tier 1,3,30,Customer Support,104531
EMP1153,Female,6.7,Mid,Retail,SME (50-500),0,Contract,3,1,1,0,1,Post-Graduate,Tier 1,4,26,HR,41178
EMP1154,Female,9.5,Senior,FMCG,MNC (2000+),1,Full-Time,12,2,1,0,0,MBA,Tier 2,5,29,Engineering,136162
EMP1155,Male,19.5,Director,Manufacturing,MNC (2000+),0,Full-Time,0,5,0,1,1,MBA,Tier 3,3,45,Customer Support,150677
EMP1156,Male,14.7,Manager,Education,Startup (<50),1,Full-Time,0,4,0,0,1,High School,Tier 1,3,37,Data & Analytics,120250
EMP1157,Female,10.6,Senior,Manufacturing,Large (500-2000),0,Full-Time,0,3,0,1,0,Post-Graduate,Tier 1,5,33,Engineering,132001
EMP1158,Male,1.0,Junior,Retail,Large (500-2000),1,Full-Time,0,0,0,1,1,Graduate,Tier 1,2,26,Sales,26981
EMP1159,Female,7.9,Senior,Healthcare,SME (50-500),0,Full-Time,6,1,0,1,0,MBA,Tier 3,3,30,HR,67891
EMP1160,Male,14.2,Manager,Manufacturing,MNC (2000+),1,Full-Time,0,5,0,0,1,Post-Graduate,Tier 1,5,37,Sales,187853
EMP1161,Male,14.8,Manager,Healthcare,Large (500-2000),0,Full-Time,6,3,0,1,0,Graduate,Tier 1,2,37,Sales,110371
EMP1162,Female,13.4,Senior,Media,MNC (2000+),0,Contract,24,3,1,1,1,Post-Graduate,Tier 1,3,35,Legal,89407
EMP1163,Male,20.6,Director,Education,Startup (<50),0,Full-Time,0,4,0,1,0,MBA,Tier 2,4,43,Customer Support,88767
EMP1164,Female,11.0,Senior,Technology,MNC (2000+),1,Part-Time,12,2,0,0,1,Post-Graduate,Tier 3,3,33,HR,116508
EMP1165,Male,10.8,Senior,Media,MNC (2000+),1,Full-Time,0,3,0,1,1,MBA,Tier 3,3,30,Finance,58457
EMP1166,Female,16.0,Manager,Retail,Startup (<50),0,Full-Time,12,4,1,0,0,Post-Graduate,Tier 1,1,40,Customer Support,80929
EMP1167,Female,11.5,Senior,Consulting,Large (500-2000),0,Full-Time,0,2,0,0,0,MBA,Tier 2,4,34,Operations,111437
EMP1168,Female,8.8,Senior,Education,Large (500-2000),0,Full-Time,24,2,1,0,0,PhD,Tier 2,4,32,HR,53518
EMP1169,Male,7.0,Senior,NGO / Social Sector,SME (50-500),1,Full-Time,0,2,1,1,1,Graduate,Tier 1,2,30,HR,34405
EMP1170,Male,9.5,Senior,Finance & Banking,Large (500-2000),1,Full-Time,0,2,0,1,0,PhD,Tier 1,2,34,Operations,101681
EMP1171,Male,10.7,Senior,Technology,Large (500-2000),0,Full-Time,0,3,0,0,0,MBA,Tier 1,1,31,Operations,102301
EMP1172,Male,3.9,Mid,Finance & Banking,Large (500-2000),1,Full-Time,0,1,1,0,1,Post-Graduate,Tier 2,3,25,Marketing,49752
EMP1173,Male,8.9,Senior,Retail,MNC (2000+),1,Full-Time,6,3,0,1,0,Graduate,Tier 2,3,31,Marketing,72716
EMP1174,Female,6.0,Mid,Retail,SME (50-500),0,Full-Time,0,0,1,0,0,Post-Graduate,Tier 2,3,29,Customer Support,35475
EMP1175,Female,5.1,Mid,Education,SME (50-500),0,Part-Time,6,2,0,0,0,PhD,Tier 2,4,28,Customer Support,28694
EMP1176,Female,6.6,Mid,NGO / Social Sector,Startup (<50),0,Full-Time,18,1,0,0,1,Graduate,Tier 1,4,27,Engineering,43858
EMP1177,Female,11.5,Senior,NGO / Social Sector,SME (50-500),1,Contract,18,2,0,1,0,Post-Graduate,Tier 1,4,36,Admin,36442
EMP1178,Male,10.3,Senior,Finance & Banking,Large (500-2000),0,Full-Time,0,2,0,1,1,MBA,Tier 1,3,31,Customer Support,100159
EMP1179,Male,7.5,Senior,Technology,Startup (<50),0,Full-Time,0,3,0,0,1,MBA,Tier 2,5,31,Finance,118146
EMP1180,Female,9.6,Senior,FMCG,MNC (2000+),1,Full-Time,3,2,1,1,1,MBA,Tier 3,5,32,Customer Support,61862
EMP1181,Male,7.6,Senior,Education,Large (500-2000),1,Full-Time,6,2,0,1,0,PhD,Tier 1,4,32,Operations,57795
EMP1182,Male,13.7,Manager,Healthcare,MNC (2000+),0,Part-Time,0,4,0,1,0,PhD,Tier 3,4,35,Customer Support,73421
EMP1183,Female,5.6,Mid,Consulting,SME (50-500),1,Full-Time,12,1,1,0,1,Post-Graduate,Tier 1,3,25,HR,47195
EMP1184,Male,8.7,Senior,Education,Large (500-2000),1,Full-Time,0,2,1,0,0,Graduate,Tier 1,4,28,Customer Support,42267
EMP1185,Male,13.7,Manager,Retail,SME (50-500),1,Full-Time,0,3,0,0,1,Graduate,Tier 1,3,35,Engineering,111403
EMP1186,Female,10.2,Senior,Consulting,Startup (<50),1,Full-Time,6,2,1,0,0,MBA,Tier 2,2,29,Finance,99127
EMP1187,Male,7.5,Senior,Manufacturing,Large (500-2000),1,Full-Time,0,2,0,0,0,Graduate,Tier 1,3,33,Sales,82175
EMP1188,Female,13.3,Manager,Retail,Large (500-2000),0,Full-Time,12,3,1,1,0,Post-Graduate,Tier 1,5,34,Engineering,165479
EMP1189,Female,5.4,Mid,Healthcare,MNC (2000+),0,Contract,0,0,1,0,1,MBA,Tier 2,5,31,Operations,62662
EMP1190,Male,9.8,Senior,Healthcare,Large (500-2000),0,Full-Time,12,2,0,0,1,Graduate,Tier 2,3,33,Finance,70474
EMP1191,Male,7.7,Senior,Healthcare,MNC (2000+),1,Full-Time,0,3,1,1,0,MBA,Tier 1,4,31,Sales,121570
EMP1192,Male,15.3,Manager,Finance & Banking,Startup (<50),0,Full-Time,0,5,0,1,1,Graduate,Tier 3,4,41,Operations,112329
EMP1193,Male,9.7,Senior,Finance & Banking,SME (50-500),1,Full-Time,0,3,0,0,0,MBA,Tier 1,3,32,Operations,86347
EMP1194,Female,10.6,Senior,Education,Large (500-2000),1,Contract,0,1,1,1,0,MBA,Tier 2,3,32,Customer Support,70439
EMP1195,Male,12.0,Senior,Technology,SME (50-500),1,Full-Time,3,3,0,0,0,MBA,Tier 1,2,38,Engineering,149035
EMP1196,Male,1.2,Junior,NGO / Social Sector,Large (500-2000),1,Full-Time,18,0,0,0,0,Graduate,Tier 1,4,25,Engineering,20000
EMP1197,Male,2.4,Junior,Consulting,Large (500-2000),0,Full-Time,0,1,0,1,1,Graduate,Tier 1,3,24,Sales,38695
EMP1198,Female,0.5,Junior,Education,Large (500-2000),0,Full-Time,24,0,1,1,0,Graduate,Tier 1,3,22,Customer Support,14000
EMP1199,Female,3.3,Junior,Education,Large (500-2000),0,Full-Time,0,1,1,1,0,Graduate,Tier 2,2,24,Operations,18479
EMP1200,Female,9.9,Senior,Healthcare,SME (50-500),0,Full-Time,0,2,1,0,0,MBA,Tier 1,4,32,Customer Support,80759
EMP1201,Female,10.4,Senior,Healthcare,SME (50-500),0,Full-Time,12,1,1,0,1,PhD,Tier 1,3,33,Sales,101648
EMP1202,Male,6.8,Senior,Healthcare,Large (500-2000),1,Full-Time,3,2,0,0,1,Post-Graduate,Tier 1,3,27,Engineering,97693
EMP1203,Female,6.7,Mid,Media,Large (500-2000),0,Full-Time,0,1,0,0,0,Post-Graduate,Tier 1,2,28,HR,43269
EMP1204,Female,9.7,Senior,Healthcare,MNC (2000+),0,Full-Time,0,3,1,0,0,High School,Tier 1,4,35,Operations,97538
EMP1205,Male,4.4,Mid,NGO / Social Sector,SME (50-500),1,Full-Time,12,1,0,0,0,Post-Graduate,Tier 2,3,27,Data & Analytics,36814
EMP1206,Female,10.3,Senior,Consulting,Large (500-2000),0,Full-Time,18,2,1,0,1,Post-Graduate,Tier 1,3,33,Engineering,130832
EMP1207,Male,5.1,Mid,Education,SME (50-500),1,Full-Time,0,1,0,1,1,High School,Tier 1,2,28,Customer Support,33972
EMP1208,Male,6.7,Mid,Consulting,MNC (2000+),0,Full-Time,12,3,0,0,0,MBA,Tier 3,4,29,Engineering,74345
EMP1209,Male,8.5,Senior,Healthcare,MNC (2000+),0,Full-Time,0,2,0,1,1,Post-Graduate,Tier 3,4,30,Data & Analytics,97891
EMP1210,Female,5.4,Mid,Education,Startup (<50),0,Part-Time,18,1,0,0,0,MBA,Tier 2,2,31,Admin,21194
EMP1211,Male,0.5,Junior,Finance & Banking,MNC (2000+),1,Full-Time,0,0,0,1,1,Post-Graduate,Tier 3,3,22,Finance,27534
EMP1212,Male,6.5,Mid,Healthcare,Large (500-2000),0,Full-Time,0,3,0,1,0,Post-Graduate,Tier 3,5,27,HR,39718
EMP1213,Male,9.2,Senior,Technology,Large (500-2000),1,Full-Time,0,3,0,0,1,Graduate,Tier 3,3,32,Marketing,112259
EMP1214,Female,10.8,Senior,Media,MNC (2000+),0,Part-Time,0,2,0,1,0,MBA,Tier 3,1,35,Sales,69104
EMP1215,Male,8.8,Senior,Finance & Banking,Large (500-2000),0,Full-Time,3,3,0,0,1,Graduate,Tier 2,4,32,Engineering,144479
EMP1216,Female,10.3,Senior,Manufacturing,Startup (<50),0,Full-Time,6,3,0,1,0,MBA,Tier 3,4,33,Customer Support,59111
EMP1217,Male,19.9,Director,Consulting,Startup (<50),0,Full-Time,0,6,0,0,0,MBA,Tier 2,3,44,Operations,129750
EMP1218,Male,13.6,Manager,Healthcare,Large (500-2000),1,Full-Time,18,5,1,0,1,Post-Graduate,Tier 1,3,35,Finance,113545
EMP1219,Male,8.7,Senior,Technology,Large (500-2000),0,Full-Time,0,2,0,1,1,Graduate,Tier 3,3,31,Engineering,102172
EMP1220,Male,15.6,Manager,Retail,MNC (2000+),0,Full-Time,0,4,0,1,0,PhD,Tier 3,3,40,Engineering,94449
EMP1221,Female,6.2,Mid,Media,Large (500-2000),0,Full-Time,0,2,1,0,0,Graduate,Tier 1,3,30,HR,44631
EMP1222,Female,2.0,Junior,Retail,Large (500-2000),0,Full-Time,3,1,1,0,0,MBA,Tier 2,5,23,Legal,27241
EMP1223,Female,17.7,Manager,Manufacturing,Large (500-2000),0,Full-Time,0,4,1,1,1,MBA,Tier 3,2,44,Customer Support,106905
EMP1224,Female,6.7,Mid,Finance & Banking,SME (50-500),0,Part-Time,0,2,1,0,0,MBA,Tier 1,4,27,HR,49061
EMP1225,Male,15.2,Manager,Healthcare,SME (50-500),1,Full-Time,0,4,0,0,1,PhD,Tier 1,3,38,Operations,90084
EMP1226,Female,6.8,Mid,Finance & Banking,MNC (2000+),0,Full-Time,0,1,0,0,0,MBA,Tier 1,4,29,Data & Analytics,121465
EMP1227,Male,6.8,Senior,FMCG,Large (500-2000),1,Full-Time,0,3,0,0,1,Graduate,Tier 2,3,29,Customer Support,50251
EMP1228,Female,4.2,Mid,Education,MNC (2000+),0,Full-Time,12,1,1,0,1,PhD,Tier 3,4,27,Customer Support,28205
EMP1229,Male,14.6,Manager,Consulting,SME (50-500),0,Full-Time,0,4,0,0,0,Post-Graduate,Tier 3,2,39,Engineering,135718
EMP1230,Male,12.1,Senior,Healthcare,Startup (<50),1,Full-Time,0,4,0,1,0,Post-Graduate,Tier 3,5,33,Sales,67112
EMP1231,Male,12.0,Senior,Manufacturing,MNC (2000+),0,Part-Time,0,4,0,1,1,Graduate,Tier 2,3,36,Sales,88151
EMP1232,Male,0.7,Junior,Consulting,Startup (<50),0,Full-Time,0,0,1,0,0,Post-Graduate,Tier 1,4,23,Engineering,39702
EMP1233,Male,7.3,Senior,FMCG,MNC (2000+),0,Full-Time,0,1,0,0,1,Post-Graduate,Tier 1,3,31,Finance,97404
EMP1234,Female,9.2,Senior,Consulting,SME (50-500),0,Full-Time,0,2,1,0,0,Post-Graduate,Tier 2,3,33,HR,70040
EMP1235,Male,8.8,Senior,Finance & Banking,SME (50-500),0,Full-Time,6,2,0,1,1,MBA,Tier 1,3,32,Customer Support,68589
EMP1236,Male,8.4,Senior,Manufacturing,MNC (2000+),0,Full-Time,0,3,0,1,1,Graduate,Tier 1,4,32,Operations,95094
EMP1237,Female,14.8,Manager,Media,Large (500-2000),0,Full-Time,0,3,0,0,0,Post-Graduate,Tier 1,4,35,Operations,94962
EMP1238,Female,2.5,Junior,FMCG,Startup (<50),0,Full-Time,24,1,0,0,0,Graduate,Tier 3,3,22,Engineering,22100
EMP1239,Female,7.7,Senior,Consulting,Large (500-2000),1,Full-Time,12,1,1,0,1,MBA,Tier 2,5,34,Data & Analytics,114349
EMP1240,Male,1.2,Junior,Consulting,MNC (2000+),1,Full-Time,0,0,0,0,1,Graduate,Tier 1,3,23,Operations,24131
EMP1241,Female,12.6,Senior,Education,Startup (<50),0,Part-Time,12,3,1,0,0,MBA,Tier 1,3,36,Legal,64652
EMP1242,Female,11.4,Senior,Media,SME (50-500),0,Full-Time,24,2,0,0,0,Post-Graduate,Tier 3,4,34,Finance,74183
EMP1243,Female,4.5,Mid,Technology,SME (50-500),1,Part-Time,0,1,1,0,0,Graduate,Tier 2,3,30,Data & Analytics,113496
EMP1244,Female,16.1,Manager,Retail,MNC (2000+),0,Full-Time,6,3,1,1,1,MBA,Tier 1,3,40,Customer Support,127700
EMP1245,Female,8.1,Senior,Manufacturing,SME (50-500),1,Full-Time,18,1,1,0,0,Graduate,Tier 2,4,32,Finance,119852
EMP1246,Female,8.8,Senior,FMCG,Large (500-2000),1,Full-Time,6,0,1,0,0,Post-Graduate,Tier 2,5,32,Data & Analytics,121571
EMP1247,Male,12.6,Manager,Finance & Banking,SME (50-500),1,Full-Time,0,4,0,0,0,Post-Graduate,Tier 1,3,39,Sales,141634
EMP1248,Female,6.6,Mid,Manufacturing,Large (500-2000),0,Contract,24,1,0,0,0,MBA,Tier 3,2,29,Admin,31623
EMP1249,Male,9.1,Senior,Healthcare,MNC (2000+),1,Full-Time,6,3,1,0,0,MBA,Tier 2,4,34,Engineering,104964
EMP1250,Female,11.6,Senior,Consulting,MNC (2000+),0,Part-Time,24,3,1,1,0,MBA,Tier 1,2,35,Finance,97425
EMP1251,Female,8.6,Senior,Consulting,SME (50-500),0,Contract,6,1,1,1,0,MBA,Tier 3,2,32,Customer Support,78205
EMP1252,Male,7.7,Senior,Finance & Banking,SME (50-500),1,Full-Time,18,3,1,1,0,MBA,Tier 1,5,31,Data & Analytics,124246
EMP1253,Male,15.3,Manager,Finance & Banking,Large (500-2000),1,Full-Time,6,4,0,1,1,Post-Graduate,Tier 1,4,38,Marketing,195867
EMP1254,Male,9.5,Senior,Manufacturing,SME (50-500),0,Full-Time,12,3,0,0,0,Post-Graduate,Tier 1,1,33,Legal,57392
EMP1255,Female,10.4,Senior,NGO / Social Sector,SME (50-500),0,Part-Time,18,2,1,0,1,Post-Graduate,Tier 2,4,36,HR,45164
EMP1256,Male,4.9,Mid,Technology,Large (500-2000),1,Full-Time,0,1,0,1,0,High School,Tier 3,4,27,Operations,65850
EMP1257,Male,16.7,Manager,Media,SME (50-500),1,Full-Time,18,4,0,1,0,MBA,Tier 2,4,40,Data & Analytics,127742
EMP1258,Female,16.9,Manager,Manufacturing,Large (500-2000),0,Full-Time,0,3,1,0,1,MBA,Tier 1,3,40,Operations,156627
EMP1259,Female,8.8,Senior,Media,SME (50-500),0,Full-Time,3,1,0,0,0,MBA,Tier 3,4,30,Marketing,47483
EMP1260,Male,13.4,Manager,Consulting,Startup (<50),0,Full-Time,0,3,0,1,0,MBA,Tier 1,3,40,Engineering,130111
EMP1261,Male,8.7,Senior,Finance & Banking,SME (50-500),0,Part-Time,0,2,0,1,1,MBA,Tier 2,3,30,Data & Analytics,108556
EMP1262,Female,12.2,Senior,Retail,Large (500-2000),1,Part-Time,6,2,1,0,1,Post-Graduate,Tier 1,4,33,Sales,107661
EMP1263,Female,10.5,Senior,Technology,Large (500-2000),0,Full-Time,0,1,1,0,1,PhD,Tier 3,4,30,Admin,77834
EMP1264,Male,3.9,Mid,Manufacturing,Startup (<50),1,Full-Time,3,1,0,0,1,Post-Graduate,Tier 2,2,26,Admin,30774
EMP1265,Male,12.1,Manager,Healthcare,SME (50-500),1,Full-Time,0,4,0,1,1,MBA,Tier 2,4,31,Finance,135569
EMP1266,Male,14.8,Manager,Manufacturing,Large (500-2000),1,Full-Time,0,4,0,0,1,MBA,Tier 2,3,37,HR,112553
EMP1267,Female,8.3,Senior,Media,Large (500-2000),0,Part-Time,0,2,0,0,0,High School,Tier 1,5,30,Engineering,132628
EMP1268,Male,4.9,Mid,Finance & Banking,MNC (2000+),0,Full-Time,6,0,0,1,0,High School,Tier 1,5,28,Sales,69068
EMP1269,Male,17.0,Manager,Education,Startup (<50),1,Full-Time,0,5,0,0,1,Post-Graduate,Tier 2,5,38,Engineering,82579
EMP1270,Female,7.2,Mid,Media,SME (50-500),0,Full-Time,0,1,1,0,1,Graduate,Tier 1,5,28,Data & Analytics,53566
EMP1271,Male,12.9,Manager,Technology,SME (50-500),0,Full-Time,12,3,0,0,1,MBA,Tier 2,5,32,Data & Analytics,140884
EMP1272,Female,7.1,Senior,Retail,Large (500-2000),1,Full-Time,6,1,1,1,1,MBA,Tier 2,3,29,Admin,56296
EMP1273,Female,14.5,Manager,Media,SME (50-500),0,Full-Time,6,3,1,0,1,Post-Graduate,Tier 1,5,42,Data & Analytics,163789
EMP1274,Female,8.9,Senior,Consulting,SME (50-500),1,Part-Time,0,1,1,0,1,Post-Graduate,Tier 3,2,35,Finance,99853
EMP1275,Male,10.1,Senior,Finance & Banking,Large (500-2000),1,Full-Time,0,3,0,1,1,MBA,Tier 1,3,29,Engineering,136464
EMP1276,Male,7.7,Senior,Technology,Startup (<50),0,Full-Time,0,3,0,1,0,Post-Graduate,Tier 1,2,33,Data & Analytics,86842
EMP1277,Male,13.3,Manager,Finance & Banking,SME (50-500),1,Full-Time,0,4,1,1,0,Post-Graduate,Tier 1,2,36,Data & Analytics,167016
EMP1278,Male,8.9,Senior,Healthcare,SME (50-500),1,Full-Time,0,3,1,0,0,Post-Graduate,Tier 1,3,32,Sales,69425
EMP1279,Female,6.5,Mid,Technology,MNC (2000+),0,Full-Time,0,1,1,1,0,Post-Graduate,Tier 2,2,28,Customer Support,77774
EMP1280,Female,0.5,Junior,Finance & Banking,SME (50-500),0,Full-Time,0,1,1,0,0,MBA,Tier 3,3,23,Sales,35438
EMP1281,Female,14.4,Manager,Media,Large (500-2000),0,Part-Time,0,3,1,0,1,Graduate,Tier 3,4,37,HR,84142
EMP1282,Male,11.6,Senior,Technology,Startup (<50),1,Full-Time,0,4,0,0,1,MBA,Tier 1,5,35,Engineering,128614
EMP1283,Female,13.8,Senior,FMCG,Large (500-2000),0,Part-Time,0,3,0,0,0,Post-Graduate,Tier 2,3,36,HR,76587
EMP1284,Female,4.3,Mid,FMCG,SME (50-500),0,Full-Time,24,1,1,0,0,MBA,Tier 2,4,27,Operations,37034
EMP1285,Male,13.2,Manager,Manufacturing,MNC (2000+),0,Full-Time,0,4,0,0,0,Graduate,Tier 2,3,34,Legal,120012
EMP1286,Female,18.1,Manager,Retail,Large (500-2000),0,Part-Time,3,4,0,0,0,MBA,Tier 1,3,37,Marketing,153204
EMP1287,Male,11.5,Senior,Manufacturing,Large (500-2000),0,Full-Time,0,3,0,0,1,PhD,Tier 1,1,31,Marketing,80527
EMP1288,Male,18.8,Manager,Consulting,MNC (2000+),1,Full-Time,6,5,0,1,1,Graduate,Tier 3,4,40,Finance,198676
EMP1289,Female,4.0,Mid,Manufacturing,SME (50-500),0,Full-Time,18,0,1,1,0,High School,Tier 2,3,26,Legal,55970
EMP1290,Male,7.4,Senior,Education,Startup (<50),0,Full-Time,18,2,0,1,1,PhD,Tier 3,1,33,Admin,25509
EMP1291,Female,16.1,Manager,Consulting,MNC (2000+),0,Full-Time,6,3,1,0,1,Post-Graduate,Tier 1,3,41,Admin,107478
EMP1292,Male,13.9,Manager,Manufacturing,Large (500-2000),1,Full-Time,0,4,0,0,0,Post-Graduate,Tier 1,4,37,Engineering,213516
EMP1293,Female,9.5,Senior,FMCG,Large (500-2000),0,Full-Time,0,1,0,0,1,Graduate,Tier 2,4,30,Data & Analytics,109750
EMP1294,Female,11.2,Senior,Finance & Banking,Large (500-2000),1,Full-Time,12,2,0,0,1,MBA,Tier 1,5,33,Operations,122604
EMP1295,Male,10.3,Senior,Education,MNC (2000+),1,Contract,0,3,0,0,1,Graduate,Tier 1,3,35,Engineering,99653
EMP1296,Male,13.0,Senior,Manufacturing,Large (500-2000),1,Full-Time,0,4,0,1,0,MBA,Tier 3,1,35,Finance,84774
EMP1297,Male,0.5,Junior,Manufacturing,Large (500-2000),1,Full-Time,0,0,0,0,1,PhD,Tier 1,4,22,Operations,29202
EMP1298,Male,17.0,Manager,Education,Large (500-2000),1,Full-Time,0,4,0,1,1,MBA,Tier 1,3,40,Sales,121524
EMP1299,Male,4.9,Mid,Technology,Large (500-2000),0,Full-Time,0,1,0,1,1,Post-Graduate,Tier 1,5,30,Engineering,93658
EMP1300,Male,10.3,Senior,FMCG,Large (500-2000),0,Full-Time,0,2,0,1,1,MBA,Tier 2,3,33,Marketing,76413
EMP1301,Male,13.5,Manager,Healthcare,MNC (2000+),1,Contract,0,4,0,1,1,MBA,Tier 1,3,35,Sales,186062
EMP1302,Female,1.6,Junior,Education,MNC (2000+),0,Full-Time,12,0,1,1,0,MBA,Tier 2,4,25,Marketing,23869
EMP1303,Male,3.5,Mid,FMCG,SME (50-500),1,Full-Time,0,2,0,0,1,Post-Graduate,Tier 3,4,27,Customer Support,24837
EMP1304,Female,3.7,Mid,Retail,Startup (<50),1,Full-Time,6,1,1,1,0,Graduate,Tier 2,2,26,Sales,41519
EMP1305,Male,11.3,Senior,FMCG,SME (50-500),1,Contract,18,3,0,1,0,PhD,Tier 3,2,34,Finance,52822
EMP1306,Female,10.6,Senior,Technology,Startup (<50),0,Full-Time,18,2,0,1,0,MBA,Tier 1,4,33,Data & Analytics,134676
EMP1307,Male,5.5,Mid,Technology,SME (50-500),0,Full-Time,0,1,0,0,1,MBA,Tier 1,3,25,Finance,71401
EMP1308,Male,3.1,Mid,NGO / Social Sector,SME (50-500),1,Full-Time,6,1,0,1,0,Graduate,Tier 1,3,28,Finance,29297
EMP1309,Male,7.2,Senior,Manufacturing,MNC (2000+),1,Full-Time,3,1,0,0,0,Graduate,Tier 2,4,32,Engineering,133609
EMP1310,Female,1.8,Junior,Technology,SME (50-500),0,Full-Time,0,1,0,0,0,MBA,Tier 2,4,23,Data & Analytics,58261
EMP1311,Female,9.1,Senior,Retail,Startup (<50),0,Full-Time,6,1,0,0,1,Graduate,Tier 2,5,31,Legal,68051
EMP1312,Male,6.6,Senior,Manufacturing,SME (50-500),0,Full-Time,3,2,0,0,1,Graduate,Tier 3,1,29,Customer Support,45428
EMP1313,Female,6.2,Mid,Retail,SME (50-500),0,Contract,3,1,0,0,0,Graduate,Tier 2,2,29,Operations,45144
EMP1314,Male,17.3,Manager,Healthcare,MNC (2000+),1,Contract,0,4,0,0,0,PhD,Tier 3,3,38,Engineering,115675
EMP1315,Female,4.0,Junior,NGO / Social Sector,MNC (2000+),1,Full-Time,3,1,1,0,1,MBA,Tier 3,5,27,Customer Support,18068
EMP1316,Male,3.3,Mid,Finance & Banking,MNC (2000+),0,Full-Time,6,0,0,0,0,MBA,Tier 1,5,28,Sales,69828
EMP1317,Male,10.0,Senior,Technology,Large (500-2000),0,Contract,0,2,1,1,0,Post-Graduate,Tier 1,3,30,Marketing,84391
EMP1318,Female,0.5,Junior,Technology,MNC (2000+),1,Full-Time,12,0,0,0,0,PhD,Tier 1,3,23,Operations,35532
EMP1319,Female,9.8,Senior,Education,SME (50-500),0,Full-Time,12,2,0,0,0,PhD,Tier 2,5,32,Marketing,50577
EMP1320,Male,8.9,Senior,Retail,Large (500-2000),1,Full-Time,0,3,0,0,0,MBA,Tier 1,3,31,Marketing,59292
EMP1321,Female,11.3,Senior,Technology,Large (500-2000),1,Contract,12,3,1,1,0,Post-Graduate,Tier 1,5,33,Sales,148095
EMP1322,Male,6.8,Mid,Finance & Banking,Startup (<50),0,Contract,0,0,0,1,1,MBA,Tier 3,4,28,Finance,47400
EMP1323,Female,8.5,Senior,Healthcare,Large (500-2000),0,Full-Time,6,1,0,0,0,Post-Graduate,Tier 1,1,32,Marketing,74569
EMP1324,Male,7.7,Senior,FMCG,SME (50-500),1,Full-Time,0,3,0,0,0,Post-Graduate,Tier 2,2,31,Engineering,92606
EMP1325,Male,13.3,Manager,Technology,Large (500-2000),1,Full-Time,3,3,0,0,1,MBA,Tier 1,5,35,Finance,219757
EMP1326,Male,12.0,Manager,Manufacturing,SME (50-500),0,Full-Time,18,4,0,1,0,MBA,Tier 3,3,34,Sales,83476
EMP1327,Male,9.8,Senior,NGO / Social Sector,Large (500-2000),1,Full-Time,0,3,0,0,1,MBA,Tier 3,5,33,Sales,47933
EMP1328,Female,6.5,Mid,FMCG,SME (50-500),1,Full-Time,6,0,1,0,0,MBA,Tier 3,3,30,HR,30833
EMP1329,Female,15.4,Manager,Media,SME (50-500),0,Full-Time,0,3,1,0,0,Graduate,Tier 2,3,37,Admin,67271
EMP1330,Male,8.7,Senior,Healthcare,Startup (<50),0,Full-Time,0,3,0,1,1,Graduate,Tier 1,4,30,Marketing,74538
EMP1331,Female,7.8,Senior,Healthcare,Startup (<50),0,Part-Time,12,1,0,0,0,Graduate,Tier 2,4,30,Sales,68260
EMP1332,Female,7.1,Mid,Technology,Startup (<50),1,Part-Time,3,1,1,1,1,Graduate,Tier 2,3,26,Operations,67095
EMP1333,Male,11.8,Manager,Retail,MNC (2000+),1,Full-Time,12,3,1,0,0,MBA,Tier 1,3,35,HR,75736
EMP1334,Male,7.0,Senior,Technology,SME (50-500),1,Full-Time,0,2,0,0,1,Post-Graduate,Tier 1,2,29,Engineering,104763
EMP1335,Male,8.0,Senior,FMCG,Large (500-2000),1,Contract,0,3,1,0,1,Graduate,Tier 3,4,32,Finance,94425
EMP1336,Female,4.1,Mid,FMCG,SME (50-500),0,Full-Time,12,0,0,0,1,Post-Graduate,Tier 2,4,30,HR,44366
EMP1337,Male,14.7,Manager,Consulting,Large (500-2000),0,Full-Time,0,5,0,0,1,Post-Graduate,Tier 1,4,36,Engineering,215988
EMP1338,Female,0.5,Junior,Media,SME (50-500),0,Full-Time,12,0,0,0,0,Post-Graduate,Tier 2,4,23,Data & Analytics,23684
EMP1339,Male,7.5,Senior,NGO / Social Sector,Large (500-2000),0,Full-Time,0,2,0,0,0,MBA,Tier 2,3,27,Finance,45390
EMP1340,Male,13.9,Manager,Healthcare,Large (500-2000),1,Full-Time,0,3,0,0,0,Post-Graduate,Tier 2,3,36,Engineering,119366
EMP1341,Male,13.0,Manager,Finance & Banking,SME (50-500),1,Full-Time,12,4,0,0,0,Post-Graduate,Tier 1,5,32,Marketing,191780
EMP1342,Male,13.1,Manager,Retail,MNC (2000+),1,Full-Time,0,4,0,0,0,High School,Tier 1,3,34,Finance,126485
EMP1343,Female,11.5,Senior,Education,Large (500-2000),0,Full-Time,6,3,1,1,1,MBA,Tier 2,5,36,Admin,43445
EMP1344,Male,9.9,Senior,Technology,Large (500-2000),0,Full-Time,0,3,0,1,0,PhD,Tier 2,2,33,Engineering,136871
EMP1345,Male,12.1,Senior,Finance & Banking,SME (50-500),0,Full-Time,0,3,0,1,1,Post-Graduate,Tier 3,2,40,Marketing,76014
EMP1346,Female,1.2,Junior,Education,SME (50-500),1,Full-Time,24,0,1,0,1,MBA,Tier 2,5,22,Marketing,16105
EMP1347,Male,7.7,Senior,Manufacturing,SME (50-500),1,Full-Time,0,3,0,0,1,MBA,Tier 1,2,33,Engineering,101095
EMP1348,Male,12.0,Manager,Technology,Large (500-2000),1,Full-Time,0,3,0,0,1,Post-Graduate,Tier 1,3,35,HR,164949
EMP1349,Female,6.2,Mid,Retail,Large (500-2000),0,Full-Time,3,1,0,1,0,MBA,Tier 3,4,28,Sales,42991
EMP1350,Female,10.3,Senior,Finance & Banking,Large (500-2000),0,Part-Time,6,3,1,0,0,Post-Graduate,Tier 2,2,31,Marketing,111145
EMP1351,Male,10.3,Senior,FMCG,SME (50-500),1,Part-Time,18,4,0,1,0,PhD,Tier 1,3,33,HR,43134
EMP1352,Male,7.7,Senior,FMCG,SME (50-500),1,Full-Time,0,3,0,1,0,Graduate,Tier 1,4,28,Operations,72054
EMP1353,Female,10.1,Senior,Media,SME (50-500),1,Part-Time,0,2,1,0,0,Graduate,Tier 1,4,33,Marketing,78947
EMP1354,Male,13.1,Manager,Healthcare,Large (500-2000),1,Full-Time,0,4,0,1,0,MBA,Tier 1,2,36,Finance,121940
EMP1355,Female,0.8,Junior,Technology,Large (500-2000),0,Full-Time,3,0,0,0,0,Post-Graduate,Tier 3,2,22,Sales,31672
EMP1356,Female,14.8,Manager,Education,Startup (<50),1,Full-Time,18,3,0,0,0,MBA,Tier 2,3,37,Sales,90120
EMP1357,Female,10.4,Senior,Consulting,Startup (<50),0,Full-Time,18,3,0,0,1,Post-Graduate,Tier 3,5,33,Customer Support,59472
EMP1358,Male,6.5,Mid,FMCG,SME (50-500),1,Full-Time,0,1,0,0,1,PhD,Tier 3,3,31,HR,33912
EMP1359,Female,7.1,Mid,Retail,SME (50-500),1,Contract,12,2,1,1,1,MBA,Tier 1,4,29,Admin,45513
EMP1360,Male,9.9,Senior,FMCG,Startup (<50),1,Full-Time,0,2,0,1,1,Post-Graduate,Tier 1,4,32,Finance,96469
EMP1361,Female,7.8,Senior,Education,Startup (<50),0,Part-Time,0,2,1,0,1,Post-Graduate,Tier 1,1,30,Admin,39678
EMP1362,Male,10.1,Senior,Healthcare,MNC (2000+),1,Full-Time,0,4,0,1,1,Graduate,Tier 2,3,33,Customer Support,76424
EMP1363,Female,0.9,Junior,Healthcare,SME (50-500),0,Full-Time,0,0,0,0,0,Post-Graduate,Tier 3,1,24,Finance,24579
EMP1364,Male,11.4,Senior,Manufacturing,Startup (<50),1,Full-Time,0,2,1,0,1,Post-Graduate,Tier 2,5,31,Marketing,80857
EMP1365,Male,7.5,Senior,FMCG,MNC (2000+),1,Full-Time,3,2,0,0,1,Post-Graduate,Tier 2,4,31,Finance,99726
EMP1366,Male,4.0,Mid,Consulting,Startup (<50),0,Full-Time,0,1,0,1,1,PhD,Tier 1,3,26,Sales,47389
EMP1367,Female,3.9,Mid,Retail,SME (50-500),0,Full-Time,0,0,0,0,0,Graduate,Tier 1,2,27,Marketing,55103
EMP1368,Male,15.0,Manager,FMCG,Large (500-2000),1,Full-Time,0,4,0,0,0,Post-Graduate,Tier 3,4,33,Engineering,145601
EMP1369,Male,0.5,Junior,Media,MNC (2000+),1,Full-Time,0,0,0,0,0,MBA,Tier 1,3,22,Sales,22325
EMP1370,Male,5.0,Mid,FMCG,Large (500-2000),1,Full-Time,0,2,0,1,1,Graduate,Tier 3,1,28,Engineering,50740
EMP1371,Male,9.6,Senior,Technology,MNC (2000+),1,Part-Time,0,3,0,1,0,Graduate,Tier 1,2,32,Engineering,156531
EMP1372,Male,7.8,Senior,Consulting,Large (500-2000),1,Full-Time,0,3,0,1,0,MBA,Tier 1,3,34,Sales,116401
EMP1373,Male,16.7,Manager,Consulting,Large (500-2000),1,Contract,0,5,0,1,1,Post-Graduate,Tier 1,4,38,Legal,144554
EMP1374,Female,10.7,Senior,Manufacturing,Large (500-2000),0,Full-Time,12,2,0,0,0,Post-Graduate,Tier 3,4,34,Operations,58833
EMP1375,Female,4.2,Mid,Healthcare,Startup (<50),1,Full-Time,6,0,1,0,0,Graduate,Tier 3,5,27,HR,41847
EMP1376,Male,17.6,Manager,Retail,SME (50-500),1,Contract,18,5,0,0,0,Post-Graduate,Tier 2,2,40,Data & Analytics,116561
EMP1377,Female,3.2,Mid,FMCG,Startup (<50),0,Full-Time,12,0,1,0,0,MBA,Tier 2,4,22,Admin,36999
EMP1378,Male,13.0,Senior,Finance & Banking,Large (500-2000),1,Contract,0,4,1,1,1,High School,Tier 3,2,37,Engineering,115281
EMP1379,Female,14.8,Manager,Media,SME (50-500),0,Full-Time,3,2,1,0,0,Graduate,Tier 1,4,38,Marketing,101995
EMP1380,Male,16.1,Manager,Technology,Large (500-2000),1,Full-Time,12,5,0,0,0,Post-Graduate,Tier 1,4,36,Engineering,274808
EMP1381,Female,15.8,Manager,FMCG,Large (500-2000),1,Full-Time,18,4,1,0,1,MBA,Tier 1,5,37,Legal,165907
EMP1382,Female,3.9,Junior,Technology,Large (500-2000),0,Full-Time,0,0,0,0,0,Post-Graduate,Tier 2,3,27,Legal,41390
EMP1383,Female,5.6,Mid,Media,SME (50-500),1,Full-Time,24,1,1,1,0,Graduate,Tier 3,2,30,Engineering,46631
EMP1384,Male,19.3,Director,Finance & Banking,SME (50-500),0,Full-Time,0,6,0,1,0,Post-Graduate,Tier 1,5,42,Finance,283576
EMP1385,Female,6.7,Mid,Manufacturing,Large (500-2000),0,Full-Time,0,1,0,0,0,MBA,Tier 2,2,30,Data & Analytics,74035
EMP1386,Male,8.5,Senior,Finance & Banking,Startup (<50),0,Full-Time,12,2,0,1,1,MBA,Tier 2,4,32,Engineering,101646
EMP1387,Male,4.6,Mid,Consulting,SME (50-500),0,Full-Time,0,1,0,0,0,Post-Graduate,Tier 1,3,26,Operations,44524
EMP1388,Male,8.7,Senior,Healthcare,Large (500-2000),0,Full-Time,3,2,0,1,1,MBA,Tier 1,2,30,Sales,94679
EMP1389,Male,4.6,Mid,Finance & Banking,Startup (<50),0,Full-Time,0,3,0,1,0,Graduate,Tier 1,4,30,Data & Analytics,73133
EMP1390,Male,7.7,Senior,Healthcare,Startup (<50),0,Full-Time,0,2,0,1,0,MBA,Tier 2,1,31,Marketing,58956
EMP1391,Male,4.3,Mid,Consulting,Large (500-2000),0,Full-Time,18,1,0,0,1,Post-Graduate,Tier 1,4,29,Customer Support,44045
EMP1392,Female,7.6,Mid,Media,SME (50-500),0,Part-Time,0,2,0,0,1,Graduate,Tier 2,5,33,Finance,53154
EMP1393,Male,11.7,Senior,Technology,SME (50-500),1,Full-Time,6,2,0,0,1,Graduate,Tier 3,4,36,Operations,90625
EMP1394,Male,11.2,Senior,Technology,Startup (<50),0,Full-Time,0,3,1,1,0,Post-Graduate,Tier 2,2,33,Engineering,97157
EMP1395,Male,6.4,Mid,Consulting,Large (500-2000),0,Full-Time,3,3,0,1,0,High School,Tier 2,3,30,Engineering,69237
EMP1396,Female,8.6,Senior,Technology,Startup (<50),1,Full-Time,3,2,1,0,1,MBA,Tier 1,2,33,Operations,116052
EMP1397,Male,4.3,Mid,Healthcare,Large (500-2000),1,Full-Time,0,1,0,1,0,Graduate,Tier 1,4,27,Sales,51579
EMP1398,Female,10.9,Senior,Retail,SME (50-500),0,Contract,0,3,1,0,1,Graduate,Tier 1,4,34,Legal,91342
EMP1399,Male,24.2,Director,Education,Large (500-2000),1,Contract,0,7,1,0,1,Post-Graduate,Tier 3,5,48,Engineering,134451
EMP1400,Female,10.3,Senior,Education,MNC (2000+),0,Full-Time,0,2,0,0,0,Post-Graduate,Tier 3,5,34,Sales,84588
EMP1401,Female,11.6,Senior,Consulting,Large (500-2000),1,Full-Time,6,2,1,1,0,Graduate,Tier 1,3,35,Finance,151602
EMP1402,Male,20.1,Director,Consulting,SME (50-500),1,Contract,12,6,0,1,1,Graduate,Tier 3,4,40,Data & Analytics,186180
EMP1403,Female,4.0,Junior,Education,Large (500-2000),0,Full-Time,3,0,1,0,0,Post-Graduate,Tier 1,2,28,HR,15423
EMP1404,Male,14.9,Manager,Consulting,Startup (<50),0,Contract,0,4,0,1,1,MBA,Tier 1,4,39,Engineering,134002
EMP1405,Female,9.6,Senior,Manufacturing,SME (50-500),1,Full-Time,6,1,0,0,1,MBA,Tier 3,4,38,HR,74222
EMP1406,Male,7.9,Senior,Healthcare,Large (500-2000),1,Full-Time,0,1,0,1,1,High School,Tier 1,4,32,Customer Support,81372
EMP1407,Female,9.6,Senior,Consulting,SME (50-500),0,Full-Time,3,1,0,0,0,Post-Graduate,Tier 2,4,29,Engineering,111322
EMP1408,Male,5.8,Mid,Technology,SME (50-500),0,Full-Time,0,1,0,0,1,Post-Graduate,Tier 2,5,28,Operations,43952
EMP1409,Female,14.6,Manager,Retail,Startup (<50),0,Full-Time,12,3,1,0,1,MBA,Tier 3,2,39,Finance,96809
EMP1410,Female,0.5,Junior,Retail,Large (500-2000),0,Full-Time,3,0,1,0,0,Graduate,Tier 2,3,25,Customer Support,21848
EMP1411,Male,11.2,Senior,Technology,SME (50-500),1,Full-Time,3,2,0,1,0,Post-Graduate,Tier 2,4,34,Customer Support,94148
EMP1412,Female,14.8,Manager,Healthcare,Startup (<50),0,Part-Time,3,4,0,0,1,Post-Graduate,Tier 1,2,33,Finance,160893
EMP1413,Female,1.5,Junior,Manufacturing,SME (50-500),0,Contract,0,0,0,0,1,Post-Graduate,Tier 1,4,24,Admin,23676
EMP1414,Male,11.6,Senior,Finance & Banking,Large (500-2000),0,Full-Time,0,4,0,0,1,Graduate,Tier 1,4,36,Engineering,111520
EMP1415,Male,8.5,Senior,Manufacturing,Startup (<50),1,Full-Time,0,3,0,0,0,MBA,Tier 1,3,32,Customer Support,58627
EMP1416,Male,4.8,Mid,Finance & Banking,SME (50-500),0,Full-Time,0,1,0,0,0,MBA,Tier 1,2,28,Engineering,60536
EMP1417,Male,12.8,Manager,Finance & Banking,SME (50-500),0,Full-Time,0,4,0,1,0,Post-Graduate,Tier 1,3,33,Customer Support,146598
EMP1418,Male,11.4,Senior,Education,SME (50-500),0,Full-Time,0,2,0,1,1,High School,Tier 3,3,33,Sales,39119
EMP1419,Female,2.1,Junior,Retail,MNC (2000+),0,Contract,0,0,1,0,0,MBA,Tier 1,4,22,Engineering,28783
EMP1420,Male,10.3,Senior,Finance & Banking,Large (500-2000),0,Full-Time,0,2,0,1,0,Post-Graduate,Tier 1,3,34,Data & Analytics,115077
EMP1421,Female,4.3,Mid,Consulting,SME (50-500),0,Full-Time,0,0,1,0,0,Post-Graduate,Tier 2,4,26,Admin,41322
EMP1422,Male,8.5,Senior,Manufacturing,Large (500-2000),1,Part-Time,3,3,1,0,1,High School,Tier 2,4,32,Finance,98771
EMP1423,Female,12.7,Senior,Consulting,SME (50-500),1,Full-Time,3,3,0,0,0,Graduate,Tier 1,4,35,Admin,91733
EMP1424,Female,1.8,Junior,Retail,Large (500-2000),0,Full-Time,0,0,0,0,1,Graduate,Tier 1,4,25,Customer Support,29144
EMP1425,Male,10.4,Senior,Manufacturing,SME (50-500),1,Full-Time,3,4,0,1,1,Graduate,Tier 1,4,28,Marketing,72412
EMP1426,Male,5.2,Mid,Media,Large (500-2000),1,Full-Time,18,1,0,1,0,Graduate,Tier 3,3,27,Operations,29819
EMP1427,Male,0.5,Junior,Technology,SME (50-500),1,Full-Time,0,0,0,1,1,Post-Graduate,Tier 2,3,22,Engineering,43427
EMP1428,Male,0.5,Junior,Technology,MNC (2000+),1,Full-Time,0,0,1,1,1,MBA,Tier 1,2,24,Finance,37795
EMP1429,Female,3.0,Junior,Technology,Large (500-2000),0,Full-Time,18,0,1,0,1,Post-Graduate,Tier 2,4,29,Customer Support,31572
EMP1430,Female,8.9,Senior,Finance & Banking,SME (50-500),0,Full-Time,12,2,1,0,0,MBA,Tier 1,3,33,Customer Support,106582
EMP1431,Female,5.0,Mid,Consulting,Large (500-2000),0,Contract,18,1,1,0,1,MBA,Tier 2,4,30,Marketing,60893
EMP1432,Female,7.7,Mid,Media,Large (500-2000),0,Part-Time,6,2,1,1,0,MBA,Tier 2,3,30,Sales,49682
EMP1433,Male,10.9,Senior,Healthcare,SME (50-500),0,Full-Time,0,3,0,1,1,PhD,Tier 1,4,32,Operations,58751
EMP1434,Female,10.5,Senior,Manufacturing,Startup (<50),0,Full-Time,3,2,1,1,0,Post-Graduate,Tier 1,4,31,HR,59047
EMP1435,Female,3.8,Mid,Technology,MNC (2000+),1,Part-Time,18,0,1,1,1,MBA,Tier 2,4,25,HR,78988
EMP1436,Female,6.3,Mid,FMCG,Large (500-2000),0,Full-Time,12,0,0,0,0,PhD,Tier 3,3,27,Customer Support,36283
EMP1437,Male,4.9,Mid,Healthcare,SME (50-500),1,Full-Time,0,0,1,0,1,Graduate,Tier 1,5,26,Data & Analytics,72497
EMP1438,Male,9.6,Senior,Retail,Large (500-2000),1,Full-Time,18,3,0,0,1,PhD,Tier 2,4,32,Sales,81731
EMP1439,Female,12.1,Senior,Media,Large (500-2000),0,Full-Time,18,2,1,0,0,Post-Graduate,Tier 1,3,36,Data & Analytics,101599
EMP1440,Female,7.7,Mid,Healthcare,MNC (2000+),0,Full-Time,0,2,0,0,0,Graduate,Tier 1,3,30,Customer Support,49661
EMP1441,Male,7.9,Senior,Education,SME (50-500),0,Full-Time,18,2,0,0,1,PhD,Tier 2,2,28,Finance,60090
EMP1442,Male,6.9,Senior,Finance & Banking,Large (500-2000),1,Contract,3,2,1,0,1,Post-Graduate,Tier 2,4,29,Engineering,132702
EMP1443,Male,11.5,Senior,Manufacturing,MNC (2000+),1,Full-Time,3,4,0,1,1,Graduate,Tier 3,4,36,Engineering,99243
EMP1444,Male,10.2,Senior,FMCG,Large (500-2000),1,Contract,3,4,0,1,0,Post-Graduate,Tier 1,4,32,Customer Support,54151
EMP1445,Male,8.2,Senior,Consulting,SME (50-500),1,Full-Time,0,1,1,1,0,Post-Graduate,Tier 1,4,29,Engineering,121915
EMP1446,Female,11.9,Senior,Education,SME (50-500),0,Full-Time,0,2,1,0,0,Post-Graduate,Tier 1,4,38,HR,66529
EMP1447,Female,4.4,Mid,Education,SME (50-500),0,Full-Time,18,0,1,0,0,MBA,Tier 1,2,29,Admin,21301
EMP1448,Male,11.4,Senior,Retail,SME (50-500),0,Full-Time,0,3,1,0,0,Graduate,Tier 2,3,33,Engineering,87414
EMP1449,Female,7.0,Mid,Retail,MNC (2000+),0,Full-Time,3,1,0,0,1,MBA,Tier 1,5,28,Data & Analytics,64800
EMP1450,Female,11.0,Senior,NGO / Social Sector,Large (500-2000),1,Full-Time,0,2,0,1,1,High School,Tier 1,3,31,Data & Analytics,89992
EMP1451,Male,0.5,Junior,Finance & Banking,Large (500-2000),1,Contract,12,0,0,1,0,PhD,Tier 2,4,25,Engineering,33811
EMP1452,Female,1.2,Junior,Technology,Startup (<50),1,Full-Time,0,0,0,0,1,MBA,Tier 1,2,24,Finance,39578
EMP1453,Male,12.6,Senior,Technology,SME (50-500),1,Full-Time,0,4,0,1,0,PhD,Tier 1,4,33,Admin,85529
EMP1454,Male,14.5,Manager,Healthcare,Startup (<50),0,Full-Time,12,5,0,1,0,Graduate,Tier 1,2,35,HR,60298
EMP1455,Male,14.5,Manager,Consulting,Startup (<50),1,Contract,0,4,0,0,1,Post-Graduate,Tier 3,3,35,Sales,99636
EMP1456,Female,0.5,Junior,Healthcare,Startup (<50),1,Full-Time,18,1,0,0,0,Graduate,Tier 3,2,26,Sales,25310
EMP1457,Female,10.4,Senior,FMCG,Startup (<50),1,Full-Time,18,3,1,0,0,Post-Graduate,Tier 2,2,31,HR,57829
EMP1458,Female,12.9,Senior,Healthcare,SME (50-500),1,Full-Time,12,2,0,0,0,MBA,Tier 2,2,34,Marketing,89096
EMP1459,Male,17.8,Manager,Retail,SME (50-500),0,Full-Time,12,4,1,0,1,Post-Graduate,Tier 1,3,43,Engineering,137233
EMP1460,Male,11.8,Senior,Education,SME (50-500),1,Full-Time,0,3,0,0,0,Graduate,Tier 2,2,35,Engineering,68895
EMP1461,Male,10.7,Senior,Technology,Large (500-2000),0,Full-Time,0,4,0,1,0,Graduate,Tier 1,3,30,Legal,138888
EMP1462,Male,3.8,Mid,Technology,SME (50-500),0,Contract,0,1,0,1,1,PhD,Tier 2,4,30,Marketing,61383
EMP1463,Male,5.8,Mid,Manufacturing,MNC (2000+),0,Full-Time,18,2,0,1,1,PhD,Tier 2,4,24,HR,34417
EMP1464,Male,10.6,Senior,Manufacturing,Large (500-2000),1,Contract,0,3,0,0,1,Post-Graduate,Tier 1,4,32,Data & Analytics,93665
EMP1465,Female,4.9,Mid,NGO / Social Sector,SME (50-500),0,Full-Time,12,0,0,0,0,Post-Graduate,Tier 3,3,24,Customer Support,21927
EMP1466,Male,11.7,Senior,Technology,Startup (<50),0,Full-Time,0,4,0,0,1,PhD,Tier 1,5,36,Sales,128403
EMP1467,Female,13.5,Senior,Healthcare,Large (500-2000),0,Full-Time,0,3,1,0,0,Post-Graduate,Tier 3,3,35,Finance,96980
EMP1468,Male,15.3,Manager,FMCG,MNC (2000+),1,Full-Time,0,4,0,1,0,Post-Graduate,Tier 1,4,37,Legal,128807
EMP1469,Male,13.4,Manager,Finance & Banking,MNC (2000+),1,Part-Time,0,3,1,0,1,Graduate,Tier 3,5,36,Data & Analytics,203363
EMP1470,Female,9.4,Senior,Technology,SME (50-500),1,Full-Time,6,3,1,0,0,MBA,Tier 2,4,32,HR,104450
EMP1471,Male,3.7,Mid,Education,MNC (2000+),0,Full-Time,0,0,0,1,1,Graduate,Tier 1,2,25,Admin,26159
EMP1472,Female,9.2,Senior,Finance & Banking,SME (50-500),0,Full-Time,12,2,0,0,0,PhD,Tier 1,4,34,Operations,95959
EMP1473,Female,4.3,Mid,Media,Large (500-2000),0,Contract,3,0,1,0,0,Graduate,Tier 2,5,31,HR,43866
EMP1474,Female,2.2,Junior,FMCG,SME (50-500),0,Full-Time,24,0,1,0,0,Graduate,Tier 2,4,28,Data & Analytics,34641
EMP1475,Female,7.4,Mid,Retail,Large (500-2000),1,Part-Time,0,1,0,0,1,Graduate,Tier 2,2,30,Finance,57676
EMP1476,Male,14.5,Manager,NGO / Social Sector,MNC (2000+),1,Full-Time,0,4,0,0,1,Graduate,Tier 2,2,38,Sales,93637
EMP1477,Female,8.6,Senior,Manufacturing,SME (50-500),1,Full-Time,0,2,1,0,0,MBA,Tier 2,3,30,Operations,68083
EMP1478,Female,7.4,Senior,Retail,Startup (<50),0,Full-Time,24,1,1,1,1,Graduate,Tier 1,5,28,Marketing,70735
EMP1479,Male,11.1,Senior,Media,Large (500-2000),1,Full-Time,6,3,0,0,0,Post-Graduate,Tier 3,4,34,Finance,57698
EMP1480,Male,9.5,Senior,Manufacturing,SME (50-500),1,Full-Time,12,4,0,0,0,Graduate,Tier 2,5,28,Finance,107224
EMP1481,Female,1.4,Junior,NGO / Social Sector,Startup (<50),1,Full-Time,12,0,0,1,1,Post-Graduate,Tier 2,5,22,Customer Support,14000
EMP1482,Male,13.5,Manager,Healthcare,SME (50-500),1,Full-Time,0,4,0,1,1,MBA,Tier 1,5,36,Sales,156536
EMP1483,Male,5.7,Mid,Education,Large (500-2000),0,Full-Time,0,2,0,1,0,Post-Graduate,Tier 3,2,28,Customer Support,20000
EMP1484,Female,10.8,Senior,Healthcare,MNC (2000+),0,Part-Time,24,2,1,0,0,Graduate,Tier 2,4,39,Sales,113186
EMP1485,Female,4.5,Mid,Finance & Banking,SME (50-500),0,Part-Time,0,0,1,0,1,Post-Graduate,Tier 1,3,29,Customer Support,53185
EMP1486,Male,8.7,Senior,Healthcare,SME (50-500),1,Part-Time,12,3,0,1,1,PhD,Tier 1,3,31,Finance,94932
EMP1487,Male,12.3,Senior,Consulting,SME (50-500),1,Full-Time,3,2,0,0,0,High School,Tier 3,5,38,Finance,108128
EMP1488,Male,15.1,Manager,Consulting,Large (500-2000),1,Full-Time,0,5,0,0,1,Post-Graduate,Tier 2,2,36,Marketing,118459
EMP1489,Male,7.9,Senior,Technology,Startup (<50),1,Full-Time,0,2,0,0,0,Post-Graduate,Tier 1,4,30,Engineering,114493
EMP1490,Male,10.2,Senior,Retail,SME (50-500),1,Full-Time,3,3,0,1,0,PhD,Tier 3,1,36,Customer Support,38113
EMP1491,Female,5.8,Mid,Technology,Startup (<50),1,Full-Time,6,2,1,0,0,Post-Graduate,Tier 2,3,26,Operations,68342
EMP1492,Male,21.0,Director,Manufacturing,Large (500-2000),1,Full-Time,0,6,0,0,1,Post-Graduate,Tier 3,5,43,Engineering,237005
EMP1493,Female,2.0,Junior,NGO / Social Sector,Startup (<50),0,Full-Time,0,0,1,0,0,High School,Tier 3,5,28,Engineering,18426
EMP1494,Male,8.8,Senior,Technology,SME (50-500),1,Full-Time,0,3,1,1,0,Post-Graduate,Tier 2,3,34,Marketing,98548
EMP1495,Male,15.6,Manager,Finance & Banking,SME (50-500),1,Full-Time,0,5,0,1,1,Post-Graduate,Tier 1,3,34,Operations,126534
EMP1496,Female,11.6,Senior,Finance & Banking,Startup (<50),0,Full-Time,12,2,1,0,1,MBA,Tier 3,2,38,Operations,73288
EMP1497,Male,9.4,Senior,Technology,MNC (2000+),0,Full-Time,0,2,0,0,0,MBA,Tier 1,4,33,Sales,148361
EMP1498,Male,15.8,Manager,Education,Large (500-2000),1,Full-Time,0,4,0,0,1,MBA,Tier 1,5,36,Sales,139320
EMP1499,Male,12.4,Manager,Manufacturing,MNC (2000+),0,Full-Time,0,5,0,0,1,MBA,Tier 1,5,32,Sales,184351
EMP1500,Female,11.2,Senior,Media,Startup (<50),0,Full-Time,3,2,1,0,0,Post-Graduate,Tier 3,3,34,Finance,73973
EMP1501,Male,13.4,Manager,Healthcare,Large (500-2000),1,Full-Time,6,4,0,0,1,Graduate,Tier 1,3,38,Finance,140877
EMP1502,Female,8.6,Senior,NGO / Social Sector,Large (500-2000),0,Full-Time,0,1,1,0,0,MBA,Tier 2,4,30,Admin,32888
EMP1503,Male,5.9,Mid,Technology,Startup (<50),1,Full-Time,3,1,1,0,1,Post-Graduate,Tier 2,4,24,Sales,57514
EMP1504,Male,4.2,Mid,Manufacturing,Large (500-2000),1,Full-Time,0,2,0,0,1,Graduate,Tier 1,4,26,Marketing,56479
EMP1505,Male,5.6,Mid,Education,Startup (<50),0,Full-Time,6,2,0,1,1,PhD,Tier 2,4,28,Engineering,35737
EMP1506,Female,5.1,Mid,NGO / Social Sector,SME (50-500),1,Full-Time,0,2,0,1,0,Post-Graduate,Tier 3,1,28,HR,25132
EMP1507,Female,1.5,Junior,Healthcare,Large (500-2000),1,Full-Time,0,1,1,0,0,Graduate,Tier 1,2,22,Customer Support,20495
EMP1508,Female,6.5,Mid,Retail,Startup (<50),0,Full-Time,12,2,1,1,0,MBA,Tier 1,4,32,HR,27673
EMP1509,Male,6.4,Senior,Consulting,Large (500-2000),1,Full-Time,0,2,0,0,1,Post-Graduate,Tier 1,2,27,Data & Analytics,132471
EMP1510,Male,6.7,Mid,Healthcare,SME (50-500),1,Contract,0,2,0,1,0,Post-Graduate,Tier 3,3,27,Operations,42029
EMP1511,Male,16.5,Manager,FMCG,Large (500-2000),1,Full-Time,0,4,1,1,0,Graduate,Tier 3,2,38,Operations,71205
EMP1512,Male,9.8,Senior,Consulting,Large (500-2000),1,Full-Time,0,3,0,0,0,Post-Graduate,Tier 2,4,33,Engineering,113128
EMP1513,Male,5.6,Mid,Technology,SME (50-500),0,Full-Time,0,2,0,0,1,Graduate,Tier 2,5,26,Data & Analytics,79557
EMP1514,Female,3.9,Mid,Healthcare,SME (50-500),1,Full-Time,6,0,1,0,0,Graduate,Tier 1,4,29,Customer Support,58265
EMP1515,Female,9.1,Senior,Retail,Large (500-2000),0,Contract,0,2,0,0,0,MBA,Tier 1,3,32,Engineering,84925
EMP1516,Female,5.1,Mid,Education,Large (500-2000),1,Full-Time,12,1,1,1,0,Graduate,Tier 2,1,27,Customer Support,38807
EMP1517,Female,8.8,Senior,Education,Startup (<50),0,Full-Time,0,2,1,1,0,Graduate,Tier 3,2,32,Marketing,55722
EMP1518,Female,14.4,Manager,Manufacturing,Startup (<50),0,Full-Time,6,3,0,0,0,MBA,Tier 1,4,37,Operations,126745
EMP1519,Male,8.2,Senior,Manufacturing,MNC (2000+),1,Full-Time,0,1,0,1,0,Post-Graduate,Tier 1,1,30,Marketing,74324
EMP1520,Male,11.4,Senior,Finance & Banking,SME (50-500),1,Full-Time,12,4,0,0,1,High School,Tier 2,3,33,Engineering,96158
EMP1521,Male,3.9,Mid,Healthcare,MNC (2000+),1,Full-Time,0,1,0,0,1,Graduate,Tier 1,4,26,Engineering,82782
EMP1522,Female,11.9,Senior,Consulting,MNC (2000+),0,Full-Time,12,2,1,1,1,Post-Graduate,Tier 1,3,36,Data & Analytics,150072
EMP1523,Female,6.8,Mid,FMCG,Startup (<50),0,Full-Time,12,1,1,0,0,MBA,Tier 1,3,26,Operations,34275
EMP1524,Male,18.0,Manager,NGO / Social Sector,Large (500-2000),1,Full-Time,0,5,0,1,0,Graduate,Tier 1,5,42,Operations,77797
EMP1525,Female,12.1,Senior,NGO / Social Sector,Startup (<50),0,Contract,3,1,1,0,0,Post-Graduate,Tier 1,4,36,Customer Support,47357
EMP1526,Male,6.9,Senior,Retail,Large (500-2000),1,Full-Time,0,2,1,1,1,MBA,Tier 1,3,27,Operations,73066
EMP1527,Male,5.5,Mid,Finance & Banking,SME (50-500),1,Full-Time,0,2,0,0,1,Post-Graduate,Tier 2,4,29,Engineering,65549
EMP1528,Male,19.7,Director,Media,Large (500-2000),1,Contract,0,5,0,0,0,Post-Graduate,Tier 2,2,45,Operations,162860
EMP1529,Female,7.4,Mid,Consulting,Large (500-2000),0,Full-Time,0,1,0,0,0,Post-Graduate,Tier 1,5,32,Finance,93436
EMP1530,Female,4.5,Mid,Media,Large (500-2000),0,Full-Time,12,1,1,0,0,Post-Graduate,Tier 3,3,22,Sales,40147
EMP1531,Male,10.9,Senior,Finance & Banking,SME (50-500),1,Full-Time,0,2,1,0,0,Post-Graduate,Tier 1,5,33,Sales,115203
EMP1532,Female,3.1,Junior,Media,Large (500-2000),1,Full-Time,0,0,1,0,1,High School,Tier 1,1,26,Admin,22986
EMP1533,Male,14.7,Manager,Manufacturing,Large (500-2000),1,Full-Time,0,4,0,0,1,PhD,Tier 2,4,39,Engineering,168551
EMP1534,Male,10.5,Senior,Media,SME (50-500),1,Full-Time,6,4,1,1,0,Graduate,Tier 1,2,32,Operations,66864
EMP1535,Male,8.1,Senior,Technology,Startup (<50),0,Full-Time,0,1,0,1,1,Post-Graduate,Tier 1,3,35,Marketing,91199
EMP1536,Male,9.0,Senior,NGO / Social Sector,SME (50-500),1,Contract,0,2,0,1,1,Post-Graduate,Tier 2,2,30,Engineering,44907
EMP1537,Female,1.0,Junior,Manufacturing,SME (50-500),1,Full-Time,0,0,1,0,0,MBA,Tier 3,4,26,Sales,38919
EMP1538,Female,11.8,Senior,FMCG,Startup (<50),0,Contract,0,3,1,0,0,MBA,Tier 2,4,34,Marketing,57349
EMP1539,Female,8.6,Mid,Retail,Startup (<50),1,Full-Time,0,2,1,0,0,Post-Graduate,Tier 3,2,29,HR,31710
EMP1540,Male,8.1,Senior,Finance & Banking,Startup (<50),0,Full-Time,0,2,1,0,1,Post-Graduate,Tier 3,2,30,Engineering,65744
EMP1541,Female,11.1,Senior,Manufacturing,SME (50-500),0,Full-Time,24,3,1,0,1,Post-Graduate,Tier 3,1,33,Admin,38358
EMP1542,Female,0.5,Junior,Finance & Banking,SME (50-500),1,Full-Time,3,0,1,0,1,Graduate,Tier 3,4,23,Operations,29709
EMP1543,Female,5.6,Mid,Media,SME (50-500),1,Full-Time,6,2,0,0,0,MBA,Tier 3,4,29,HR,37358
EMP1544,Female,4.4,Mid,FMCG,Large (500-2000),0,Full-Time,3,0,1,0,0,MBA,Tier 1,1,27,Finance,61332
EMP1545,Female,14.2,Manager,Media,Startup (<50),0,Full-Time,12,2,1,0,0,Graduate,Tier 2,4,39,Finance,125260
EMP1546,Female,8.7,Senior,FMCG,SME (50-500),1,Full-Time,3,2,1,0,0,PhD,Tier 2,5,28,Data & Analytics,99774
EMP1547,Female,5.3,Mid,NGO / Social Sector,SME (50-500),0,Full-Time,0,0,0,0,0,MBA,Tier 1,1,29,Operations,32712
EMP1548,Male,7.8,Senior,Consulting,MNC (2000+),0,Full-Time,0,1,0,0,0,Graduate,Tier 3,3,31,Legal,101383
EMP1549,Male,14.9,Manager,FMCG,MNC (2000+),0,Full-Time,0,4,0,0,0,MBA,Tier 3,2,39,HR,79188
EMP1550,Male,8.2,Senior,Retail,Startup (<50),1,Full-Time,3,3,0,1,1,Post-Graduate,Tier 2,5,30,Sales,76262
EMP1551,Male,9.5,Senior,Manufacturing,Startup (<50),0,Full-Time,0,2,0,1,1,Post-Graduate,Tier 1,4,29,Engineering,97710
EMP1552,Male,3.3,Mid,Finance & Banking,SME (50-500),1,Contract,0,1,0,1,1,High School,Tier 1,2,28,Sales,58272
EMP1553,Male,4.5,Mid,Finance & Banking,MNC (2000+),0,Full-Time,12,1,0,0,0,High School,Tier 2,4,28,Marketing,57521
EMP1554,Female,4.8,Mid,Manufacturing,MNC (2000+),0,Contract,0,0,1,0,0,Graduate,Tier 2,2,28,Admin,47771
EMP1555,Female,5.9,Mid,Healthcare,Large (500-2000),0,Full-Time,0,1,1,0,0,Graduate,Tier 1,5,31,Legal,59643
EMP1556,Female,9.1,Senior,Finance & Banking,Startup (<50),0,Full-Time,12,2,1,0,0,Graduate,Tier 1,2,33,Customer Support,74939
EMP1557,Female,14.4,Manager,Media,Large (500-2000),1,Full-Time,18,3,0,0,0,Post-Graduate,Tier 1,3,38,Marketing,103540
EMP1558,Male,3.9,Mid,Finance & Banking,Large (500-2000),1,Full-Time,0,1,0,1,1,Graduate,Tier 2,5,26,Sales,82734
EMP1559,Male,14.7,Manager,Consulting,Large (500-2000),1,Full-Time,0,4,0,1,0,Post-Graduate,Tier 2,4,37,Admin,112678
EMP1560,Male,9.8,Senior,Retail,Large (500-2000),0,Full-Time,0,3,0,0,0,Post-Graduate,Tier 3,3,34,Engineering,59556
EMP1561,Female,7.1,Mid,Technology,Startup (<50),0,Full-Time,0,1,0,1,0,MBA,Tier 3,1,29,Operations,59732
EMP1562,Female,13.1,Manager,Retail,SME (50-500),1,Full-Time,0,3,1,0,0,Graduate,Tier 1,4,35,Finance,178396
EMP1563,Female,7.5,Mid,NGO / Social Sector,Startup (<50),0,Full-Time,0,1,1,0,0,Post-Graduate,Tier 1,4,29,Finance,41122
EMP1564,Male,10.4,Senior,Finance & Banking,SME (50-500),1,Full-Time,0,3,0,0,0,MBA,Tier 1,3,32,HR,73994
EMP1565,Male,7.3,Senior,Finance & Banking,Large (500-2000),1,Full-Time,0,2,0,1,0,MBA,Tier 1,4,30,Marketing,106368
EMP1566,Male,14.1,Manager,Technology,MNC (2000+),1,Full-Time,0,5,0,1,1,Post-Graduate,Tier 2,5,34,Finance,239667
EMP1567,Female,5.6,Mid,Education,SME (50-500),1,Full-Time,0,1,1,0,0,MBA,Tier 1,5,31,Operations,41662
EMP1568,Female,14.8,Manager,Consulting,MNC (2000+),0,Full-Time,24,2,1,1,1,Graduate,Tier 1,2,38,Data & Analytics,186172
EMP1569,Female,2.1,Junior,Healthcare,Startup (<50),0,Full-Time,0,0,1,0,1,PhD,Tier 1,3,25,Admin,19349
EMP1570,Male,11.7,Senior,Consulting,Large (500-2000),1,Full-Time,0,3,0,1,1,Graduate,Tier 1,5,38,Sales,144788
EMP1571,Female,2.8,Junior,Retail,SME (50-500),0,Full-Time,18,0,1,0,1,High School,Tier 1,3,27,Marketing,17103
EMP1572,Male,13.5,Manager,Finance & Banking,Startup (<50),0,Full-Time,3,4,1,1,0,Graduate,Tier 2,3,38,Operations,101624
EMP1573,Male,18.0,Manager,Manufacturing,Large (500-2000),1,Contract,0,5,0,1,0,Post-Graduate,Tier 1,5,39,Customer Support,127650
EMP1574,Female,8.8,Senior,Education,SME (50-500),0,Full-Time,18,2,1,0,1,MBA,Tier 1,5,31,Marketing,72151
EMP1575,Female,10.0,Senior,Retail,Large (500-2000),0,Contract,0,2,0,0,0,MBA,Tier 1,5,31,HR,84639
EMP1576,Female,7.7,Mid,Retail,SME (50-500),0,Part-Time,3,2,1,0,0,PhD,Tier 3,3,32,Customer Support,28246
EMP1577,Female,0.5,Junior,Manufacturing,SME (50-500),0,Full-Time,12,0,1,0,0,PhD,Tier 3,3,24,Marketing,28694
EMP1578,Female,10.4,Senior,Education,SME (50-500),0,Full-Time,18,2,0,0,1,MBA,Tier 1,4,31,Legal,55602
EMP1579,Male,18.3,Manager,Technology,SME (50-500),0,Full-Time,0,6,0,0,1,Post-Graduate,Tier 2,3,43,Customer Support,112226
EMP1580,Male,22.7,Director,NGO / Social Sector,SME (50-500),1,Full-Time,12,7,0,1,0,Graduate,Tier 1,4,45,Finance,162171
EMP1581,Female,7.4,Mid,Healthcare,Startup (<50),1,Full-Time,12,2,1,0,0,MBA,Tier 1,2,31,Marketing,58254
EMP1582,Female,7.8,Senior,Technology,Startup (<50),0,Part-Time,6,2,1,0,1,MBA,Tier 1,1,28,Legal,119008
EMP1583,Male,8.8,Senior,Manufacturing,MNC (2000+),1,Full-Time,0,3,0,0,0,PhD,Tier 1,2,31,Data & Analytics,125417
EMP1584,Female,18.9,Manager,Healthcare,SME (50-500),0,Full-Time,18,3,0,0,1,MBA,Tier 3,5,41,Admin,91478
EMP1585,Male,13.2,Manager,Finance & Banking,Startup (<50),1,Full-Time,0,4,0,1,0,Graduate,Tier 1,4,35,Marketing,112545
EMP1586,Female,8.8,Senior,Media,MNC (2000+),0,Full-Time,0,1,1,1,0,Post-Graduate,Tier 1,5,29,Admin,77987
EMP1587,Female,5.4,Mid,Retail,Large (500-2000),0,Contract,24,1,1,0,0,Post-Graduate,Tier 3,2,27,HR,28532
EMP1588,Male,9.0,Senior,Technology,Large (500-2000),1,Full-Time,0,3,0,0,0,MBA,Tier 1,5,30,Finance,130551
EMP1589,Female,3.4,Mid,Education,SME (50-500),0,Full-Time,3,2,1,1,0,MBA,Tier 2,3,25,HR,36034
EMP1590,Female,11.5,Senior,Technology,Large (500-2000),1,Contract,0,2,0,0,1,Post-Graduate,Tier 1,3,34,Finance,165140
EMP1591,Female,6.7,Mid,Consulting,SME (50-500),0,Full-Time,3,1,0,1,0,Graduate,Tier 2,4,29,Customer Support,41119
EMP1592,Male,16.8,Manager,Technology,Large (500-2000),1,Full-Time,0,5,0,0,0,Graduate,Tier 1,3,36,Finance,187831
EMP1593,Male,10.5,Senior,Education,Large (500-2000),1,Full-Time,0,2,0,0,0,Post-Graduate,Tier 1,4,32,Sales,66903
EMP1594,Male,21.3,Director,Manufacturing,Large (500-2000),1,Full-Time,0,6,0,1,1,MBA,Tier 1,3,44,HR,202972
EMP1595,Female,9.4,Senior,NGO / Social Sector,Startup (<50),0,Full-Time,6,2,0,0,0,Post-Graduate,Tier 1,3,34,Sales,53021
EMP1596,Female,6.7,Mid,Technology,SME (50-500),1,Full-Time,0,1,1,1,1,Post-Graduate,Tier 1,4,30,Customer Support,71539
EMP1597,Female,5.0,Mid,Consulting,Startup (<50),0,Full-Time,6,1,0,0,1,MBA,Tier 3,4,29,Sales,47133
EMP1598,Male,13.9,Manager,Technology,Large (500-2000),0,Full-Time,3,3,0,1,1,MBA,Tier 3,4,36,Data & Analytics,193382
EMP1599,Male,11.1,Senior,Healthcare,MNC (2000+),0,Full-Time,0,4,0,0,0,PhD,Tier 3,3,37,Marketing,77653
EMP1600,Male,5.4,Mid,Retail,MNC (2000+),1,Full-Time,0,1,0,0,0,Post-Graduate,Tier 2,3,30,Engineering,52833
EMP1601,Female,12.3,Senior,Technology,Startup (<50),0,Full-Time,0,2,0,0,0,MBA,Tier 1,4,35,Sales,140983
EMP1602,Female,9.0,Senior,Technology,Startup (<50),0,Full-Time,18,1,1,1,1,Graduate,Tier 3,4,33,Finance,114757
EMP1603,Female,7.0,Mid,Technology,SME (50-500),0,Full-Time,6,2,1,0,0,Graduate,Tier 2,2,34,Marketing,69279
EMP1604,Female,16.8,Manager,Finance & Banking,Startup (<50),0,Full-Time,6,2,1,0,0,MBA,Tier 1,5,38,Engineering,190043
EMP1605,Male,10.1,Senior,Education,MNC (2000+),1,Full-Time,0,4,0,0,1,Graduate,Tier 1,3,30,Sales,77212
EMP1606,Female,15.2,Manager,Education,Startup (<50),0,Part-Time,0,3,1,0,0,MBA,Tier 1,3,39,Engineering,104880
EMP1607,Female,4.2,Mid,Healthcare,SME (50-500),1,Full-Time,0,1,1,0,1,High School,Tier 2,3,22,Marketing,53088
EMP1608,Female,11.4,Senior,Healthcare,Large (500-2000),0,Full-Time,0,2,0,0,0,Graduate,Tier 2,2,35,Customer Support,77141
EMP1609,Male,7.3,Senior,Consulting,Large (500-2000),0,Full-Time,0,1,1,0,1,PhD,Tier 2,4,31,Data & Analytics,125686
EMP1610,Male,15.6,Manager,Retail,SME (50-500),0,Full-Time,0,4,0,1,1,PhD,Tier 2,3,39,Sales,120547
EMP1611,Male,12.2,Senior,Finance & Banking,MNC (2000+),1,Full-Time,18,3,0,1,1,Graduate,Tier 3,4,36,Data & Analytics,99512
EMP1612,Male,7.7,Senior,Finance & Banking,MNC (2000+),1,Full-Time,0,2,0,1,1,MBA,Tier 3,5,31,Finance,119831
EMP1613,Female,5.4,Mid,Retail,SME (50-500),1,Contract,12,1,1,0,1,Post-Graduate,Tier 2,3,28,Engineering,58580
EMP1614,Female,11.7,Senior,FMCG,SME (50-500),1,Part-Time,24,3,0,0,0,PhD,Tier 1,3,30,Sales,80290
EMP1615,Female,12.9,Senior,Education,Startup (<50),0,Full-Time,12,3,0,1,0,PhD,Tier 1,3,39,Customer Support,53047
EMP1616,Female,0.5,Junior,Healthcare,Large (500-2000),1,Full-Time,12,0,0,0,0,Post-Graduate,Tier 1,3,26,Admin,16947
EMP1617,Female,6.0,Mid,Technology,MNC (2000+),1,Contract,6,1,0,0,0,Graduate,Tier 1,4,27,Sales,86710
EMP1618,Male,9.0,Senior,Consulting,SME (50-500),1,Full-Time,0,2,0,0,0,MBA,Tier 1,4,28,Sales,126604
EMP1619,Male,11.4,Senior,Technology,SME (50-500),1,Full-Time,0,4,0,0,0,MBA,Tier 1,3,34,Engineering,141706
EMP1620,Male,3.7,Mid,FMCG,Large (500-2000),0,Full-Time,0,3,0,1,0,Graduate,Tier 2,5,26,Data & Analytics,51083
EMP1621,Female,4.4,Mid,Consulting,SME (50-500),0,Full-Time,6,1,1,0,0,MBA,Tier 2,2,29,Legal,51061
EMP1622,Male,0.5,Junior,Finance & Banking,Large (500-2000),1,Full-Time,0,0,0,0,0,Graduate,Tier 1,2,23,Data & Analytics,37772
EMP1623,Female,1.9,Junior,Education,Startup (<50),0,Full-Time,3,0,0,0,0,Post-Graduate,Tier 2,3,24,Operations,14000
EMP1624,Female,4.1,Mid,Technology,Startup (<50),0,Part-Time,12,0,0,0,0,Post-Graduate,Tier 2,4,27,Customer Support,50846
EMP1625,Female,3.9,Mid,NGO / Social Sector,SME (50-500),0,Full-Time,18,1,1,0,0,MBA,Tier 2,2,24,Sales,25315
EMP1626,Female,6.6,Mid,Healthcare,Large (500-2000),1,Full-Time,18,3,1,0,0,MBA,Tier 2,5,28,Data & Analytics,71857
EMP1627,Male,9.6,Senior,Finance & Banking,MNC (2000+),1,Full-Time,6,4,0,0,1,Post-Graduate,Tier 1,3,29,Data & Analytics,126126
EMP1628,Female,9.8,Senior,Education,SME (50-500),0,Part-Time,0,2,1,0,0,Graduate,Tier 2,3,34,Data & Analytics,78590
EMP1629,Male,8.7,Senior,Retail,Large (500-2000),1,Full-Time,3,1,0,0,0,MBA,Tier 2,4,29,Operations,65905
EMP1630,Male,9.5,Senior,Finance & Banking,MNC (2000+),1,Full-Time,0,3,0,1,1,MBA,Tier 1,3,31,Admin,86209
EMP1631,Male,9.9,Senior,Technology,Large (500-2000),1,Contract,6,3,0,0,0,Post-Graduate,Tier 1,4,33,Finance,139355
EMP1632,Male,8.5,Senior,NGO / Social Sector,Large (500-2000),1,Full-Time,0,3,0,1,1,Graduate,Tier 3,5,28,Finance,54406
EMP1633,Male,16.0,Manager,Consulting,Large (500-2000),1,Full-Time,0,6,0,0,1,Graduate,Tier 2,4,37,Sales,174077
EMP1634,Female,11.1,Senior,Retail,SME (50-500),0,Full-Time,3,3,0,0,1,Post-Graduate,Tier 3,1,34,Marketing,65008
EMP1635,Female,0.8,Junior,FMCG,Startup (<50),0,Contract,6,0,1,1,1,Graduate,Tier 1,4,25,Engineering,34099
EMP1636,Female,12.2,Senior,Manufacturing,Large (500-2000),0,Full-Time,0,3,1,0,0,MBA,Tier 1,4,39,Customer Support,103795
EMP1637,Male,11.6,Senior,NGO / Social Sector,Startup (<50),1,Full-Time,0,4,0,0,1,MBA,Tier 3,5,34,Finance,41729
EMP1638,Male,10.9,Senior,Retail,Startup (<50),1,Full-Time,0,3,0,0,0,Post-Graduate,Tier 2,1,34,Data & Analytics,66581
EMP1639,Male,11.4,Senior,Consulting,SME (50-500),1,Full-Time,0,3,1,0,0,MBA,Tier 1,3,36,Legal,90453
EMP1640,Female,5.5,Mid,Consulting,SME (50-500),1,Full-Time,6,0,1,0,0,MBA,Tier 1,3,30,Data & Analytics,78725
EMP1641,Male,4.9,Mid,FMCG,Large (500-2000),1,Full-Time,0,2,0,0,1,Post-Graduate,Tier 2,4,26,Finance,42646
EMP1642,Male,8.4,Senior,Retail,MNC (2000+),1,Full-Time,0,2,0,0,0,PhD,Tier 2,3,31,Sales,87889
EMP1643,Male,13.3,Manager,Healthcare,Large (500-2000),0,Full-Time,3,4,0,1,1,MBA,Tier 1,3,37,Engineering,161340
EMP1644,Female,4.6,Mid,Retail,SME (50-500),1,Full-Time,24,0,1,0,0,Graduate,Tier 1,4,27,HR,47226
EMP1645,Female,13.7,Manager,Education,Large (500-2000),0,Full-Time,12,2,1,1,0,MBA,Tier 3,4,34,HR,70885
EMP1646,Male,10.6,Senior,Media,SME (50-500),0,Part-Time,0,3,0,0,0,Graduate,Tier 3,4,31,Sales,45153
EMP1647,Male,11.0,Senior,Finance & Banking,MNC (2000+),0,Full-Time,0,4,0,0,1,MBA,Tier 2,3,34,Operations,99394
EMP1648,Male,9.7,Senior,Technology,Large (500-2000),1,Full-Time,0,2,0,1,0,MBA,Tier 3,3,27,Sales,88168
EMP1649,Female,9.1,Senior,Technology,Large (500-2000),0,Full-Time,12,1,1,0,0,Graduate,Tier 2,3,32,HR,93977
EMP1650,Male,9.4,Senior,Consulting,SME (50-500),1,Full-Time,0,2,0,1,0,MBA,Tier 1,2,35,Admin,59690
EMP1651,Male,8.4,Senior,Healthcare,SME (50-500),0,Full-Time,0,2,0,0,0,MBA,Tier 1,3,30,Customer Support,48175
EMP1652,Female,6.8,Mid,Media,Startup (<50),0,Full-Time,3,1,1,0,0,Graduate,Tier 1,4,31,Operations,45630
EMP1653,Female,9.2,Senior,Education,Startup (<50),0,Full-Time,6,2,1,0,1,PhD,Tier 2,2,32,Finance,53872
EMP1654,Male,14.5,Manager,Technology,MNC (2000+),0,Full-Time,18,5,0,1,1,Post-Graduate,Tier 1,3,37,Engineering,255848
EMP1655,Male,5.5,Mid,Finance & Banking,MNC (2000+),1,Full-Time,12,2,1,1,0,MBA,Tier 2,5,30,Finance,78267
EMP1656,Female,6.3,Mid,FMCG,Startup (<50),0,Full-Time,0,2,0,0,0,Graduate,Tier 3,5,30,Sales,55131
EMP1657,Male,7.9,Senior,Consulting,Large (500-2000),0,Full-Time,0,3,0,0,1,Graduate,Tier 2,5,30,Sales,107424
EMP1658,Male,4.7,Mid,Technology,SME (50-500),0,Full-Time,6,1,0,1,1,Graduate,Tier 1,1,32,Data & Analytics,59973
EMP1659,Female,14.2,Senior,Education,Startup (<50),0,Full-Time,0,2,0,1,0,Graduate,Tier 3,5,36,Legal,51955
EMP1660,Female,8.2,Senior,Technology,SME (50-500),0,Full-Time,0,2,1,1,0,MBA,Tier 1,1,30,Data & Analytics,167370
EMP1661,Female,10.3,Senior,Education,Startup (<50),0,Full-Time,12,1,1,0,0,Post-Graduate,Tier 2,4,34,Data & Analytics,63735
EMP1662,Male,12.3,Manager,Finance & Banking,Large (500-2000),1,Full-Time,0,4,0,1,0,MBA,Tier 3,1,33,HR,125240
EMP1663,Female,3.4,Mid,Education,MNC (2000+),1,Full-Time,0,0,0,0,0,Post-Graduate,Tier 3,2,27,Sales,55613
EMP1664,Male,8.6,Senior,Finance & Banking,SME (50-500),0,Full-Time,0,2,0,1,0,Post-Graduate,Tier 1,4,34,HR,67377
EMP1665,Male,15.3,Manager,Technology,MNC (2000+),0,Full-Time,6,3,0,0,1,Graduate,Tier 2,4,38,HR,159870
EMP1666,Female,9.6,Senior,Healthcare,MNC (2000+),1,Full-Time,6,0,0,1,1,Graduate,Tier 2,5,33,Marketing,120505
EMP1667,Male,13.2,Manager,FMCG,MNC (2000+),0,Full-Time,12,3,0,1,0,MBA,Tier 1,3,29,Data & Analytics,120721
EMP1668,Female,9.6,Senior,Technology,Large (500-2000),0,Full-Time,0,1,0,0,0,MBA,Tier 3,4,31,Finance,129710
EMP1669,Male,3.6,Mid,Finance & Banking,Large (500-2000),1,Full-Time,0,1,1,0,1,High School,Tier 3,4,28,Marketing,64135
EMP1670,Male,8.6,Senior,Technology,Startup (<50),1,Full-Time,0,3,0,0,1,Post-Graduate,Tier 1,5,31,Finance,106198
EMP1671,Female,4.6,Mid,Retail,MNC (2000+),1,Full-Time,12,1,0,0,0,Graduate,Tier 2,3,25,Customer Support,41660
EMP1672,Male,14.0,Manager,Manufacturing,Large (500-2000),1,Full-Time,0,3,0,1,1,Graduate,Tier 2,2,38,Engineering,151476
EMP1673,Male,10.1,Senior,Consulting,Startup (<50),1,Full-Time,0,3,0,1,1,MBA,Tier 2,4,32,Finance,76073
EMP1674,Female,4.3,Mid,FMCG,Startup (<50),0,Full-Time,12,0,1,0,0,Graduate,Tier 2,2,27,Engineering,40683
EMP1675,Male,4.0,Mid,Education,SME (50-500),0,Contract,0,0,0,1,1,PhD,Tier 1,4,27,Engineering,51443
EMP1676,Male,10.0,Senior,FMCG,Large (500-2000),1,Full-Time,0,4,0,1,0,Graduate,Tier 2,4,32,Customer Support,53820
EMP1677,Female,8.3,Senior,Retail,Large (500-2000),1,Full-Time,6,2,1,0,0,Post-Graduate,Tier 2,3,31,HR,77936
EMP1678,Male,9.9,Senior,Consulting,MNC (2000+),1,Full-Time,0,3,1,1,1,Post-Graduate,Tier 2,4,34,Finance,128859
EMP1679,Male,1.4,Junior,Consulting,Startup (<50),1,Full-Time,0,1,0,0,1,Post-Graduate,Tier 2,4,24,Data & Analytics,33636
EMP1680,Female,6.6,Mid,Education,Startup (<50),0,Contract,6,2,1,0,0,Post-Graduate,Tier 1,4,29,Marketing,39029
EMP1681,Female,12.4,Senior,Manufacturing,Startup (<50),0,Full-Time,0,3,0,1,0,PhD,Tier 1,3,31,Legal,97491
EMP1682,Female,9.3,Senior,Consulting,SME (50-500),0,Part-Time,18,2,0,0,1,MBA,Tier 1,3,34,Admin,80469
EMP1683,Male,15.4,Manager,Finance & Banking,Large (500-2000),0,Full-Time,3,4,0,1,1,Graduate,Tier 2,2,39,Admin,108390
EMP1684,Male,6.4,Mid,Finance & Banking,SME (50-500),1,Full-Time,0,2,0,1,1,Graduate,Tier 3,1,31,Sales,61161
EMP1685,Female,10.2,Senior,Retail,SME (50-500),0,Contract,12,3,0,0,0,MBA,Tier 2,3,37,Customer Support,49024
EMP1686,Female,3.0,Junior,Manufacturing,Large (500-2000),0,Full-Time,12,0,1,0,0,MBA,Tier 2,5,25,Marketing,35353
EMP1687,Female,7.8,Mid,Education,SME (50-500),1,Part-Time,12,2,1,0,0,Post-Graduate,Tier 2,2,34,HR,27068
EMP1688,Female,4.4,Mid,Education,Large (500-2000),0,Full-Time,6,0,1,0,1,Post-Graduate,Tier 2,3,26,Sales,48455
EMP1689,Female,12.9,Senior,Technology,Large (500-2000),0,Part-Time,0,2,0,0,0,MBA,Tier 2,3,33,Marketing,119899
EMP1690,Female,7.8,Senior,Technology,SME (50-500),1,Full-Time,0,0,0,1,1,PhD,Tier 2,3,30,Customer Support,115573
EMP1691,Female,6.5,Mid,Finance & Banking,Startup (<50),1,Full-Time,12,0,1,1,0,PhD,Tier 1,4,27,Finance,68446
EMP1692,Male,10.8,Senior,Manufacturing,Startup (<50),1,Full-Time,0,3,0,1,0,MBA,Tier 1,2,33,Finance,87880
EMP1693,Female,11.9,Senior,Manufacturing,SME (50-500),0,Full-Time,18,3,0,1,0,MBA,Tier 2,3,37,Sales,75630
EMP1694,Male,8.4,Senior,Manufacturing,MNC (2000+),0,Full-Time,0,3,0,0,1,Post-Graduate,Tier 3,3,33,Sales,83767
EMP1695,Male,5.0,Mid,Healthcare,SME (50-500),1,Full-Time,0,1,0,0,1,MBA,Tier 1,5,28,Marketing,58847
EMP1696,Male,12.0,Senior,Healthcare,SME (50-500),1,Full-Time,0,2,0,0,0,MBA,Tier 1,5,36,Marketing,73411
EMP1697,Female,7.1,Mid,Technology,SME (50-500),0,Full-Time,24,1,1,0,0,MBA,Tier 2,3,30,Legal,75968
EMP1698,Male,14.9,Manager,Retail,SME (50-500),0,Full-Time,3,4,0,0,1,Post-Graduate,Tier 1,2,39,Marketing,103730
EMP1699,Male,15.1,Manager,Retail,Startup (<50),1,Full-Time,0,4,0,1,0,Graduate,Tier 2,2,41,Marketing,93861
EMP1700,Male,8.5,Senior,Education,Large (500-2000),1,Full-Time,0,3,0,1,1,Graduate,Tier 1,4,28,Engineering,93779
EMP1701,Female,10.9,Senior,Education,Startup (<50),0,Full-Time,6,1,0,0,0,Graduate,Tier 1,4,35,Operations,51756
EMP1702,Male,12.9,Manager,Healthcare,Startup (<50),1,Full-Time,0,4,0,1,1,Graduate,Tier 2,4,36,Marketing,113803
EMP1703,Male,7.6,Senior,Education,Large (500-2000),1,Full-Time,3,2,0,1,0,MBA,Tier 1,3,31,Finance,78978
EMP1704,Female,0.5,Junior,Healthcare,SME (50-500),0,Full-Time,24,0,1,1,0,Post-Graduate,Tier 1,3,22,Marketing,27595
EMP1705,Female,5.7,Mid,Technology,SME (50-500),0,Full-Time,0,2,0,1,0,MBA,Tier 2,4,29,Engineering,84677
EMP1706,Female,6.2,Mid,Healthcare,SME (50-500),0,Part-Time,6,1,0,0,0,Graduate,Tier 3,5,32,HR,41242
EMP1707,Female,5.6,Mid,NGO / Social Sector,Startup (<50),1,Full-Time,0,1,0,0,0,Post-Graduate,Tier 2,4,26,Operations,24353
EMP1708,Male,14.1,Manager,Technology,Large (500-2000),0,Full-Time,0,4,1,1,1,Post-Graduate,Tier 3,3,39,Marketing,152389
EMP1709,Male,8.8,Senior,Consulting,SME (50-500),1,Full-Time,18,2,0,0,1,MBA,Tier 2,2,34,Operations,61398
EMP1710,Male,9.0,Senior,Manufacturing,SME (50-500),1,Full-Time,0,3,0,1,0,Post-Graduate,Tier 1,4,32,Marketing,86589
EMP1711,Female,7.2,Mid,Consulting,SME (50-500),1,Full-Time,0,2,1,0,1,Graduate,Tier 1,5,31,Marketing,78635
EMP1712,Male,9.0,Senior,Finance & Banking,Startup (<50),1,Full-Time,3,2,0,0,0,MBA,Tier 1,4,33,Engineering,109564
EMP1713,Female,1.5,Junior,Retail,SME (50-500),1,Full-Time,12,0,1,0,0,Post-Graduate,Tier 3,3,25,Admin,15407
EMP1714,Male,26.5,Director,Technology,Startup (<50),1,Full-Time,3,7,0,1,0,MBA,Tier 3,3,48,Finance,280891
EMP1715,Male,6.4,Senior,Healthcare,MNC (2000+),1,Contract,6,1,0,0,1,Post-Graduate,Tier 2,3,30,Admin,63250
EMP1716,Female,12.0,Senior,Technology,Large (500-2000),0,Contract,3,3,1,1,0,PhD,Tier 2,3,32,Sales,110817
EMP1717,Female,14.0,Manager,Consulting,Large (500-2000),0,Full-Time,12,3,0,0,0,MBA,Tier 1,5,36,Sales,202356
EMP1718,Male,8.8,Senior,Healthcare,SME (50-500),1,Full-Time,6,2,0,0,0,Graduate,Tier 2,3,28,Finance,87704
EMP1719,Male,6.8,Senior,Healthcare,Large (500-2000),1,Full-Time,0,2,0,1,0,MBA,Tier 3,2,30,Engineering,95747
EMP1720,Male,14.0,Manager,Consulting,MNC (2000+),1,Full-Time,0,4,0,0,1,MBA,Tier 1,3,33,Sales,227523
EMP1721,Male,7.4,Senior,FMCG,Large (500-2000),0,Full-Time,0,3,0,1,0,Graduate,Tier 3,2,30,Sales,61653
EMP1722,Female,7.2,Mid,Media,MNC (2000+),0,Contract,3,2,1,1,0,MBA,Tier 2,4,32,HR,40919
EMP1723,Male,12.9,Manager,Technology,Startup (<50),1,Full-Time,18,3,0,1,1,Graduate,Tier 2,2,34,Sales,155425
EMP1724,Female,18.3,Manager,Healthcare,SME (50-500),0,Full-Time,24,3,1,0,1,Graduate,Tier 1,5,42,Marketing,110351
EMP1725,Female,5.7,Mid,Retail,MNC (2000+),0,Full-Time,0,2,1,1,0,Graduate,Tier 2,4,26,Finance,53712
EMP1726,Female,12.0,Senior,Education,MNC (2000+),0,Full-Time,6,2,0,0,0,Post-Graduate,Tier 2,4,34,Operations,58041
EMP1727,Male,7.3,Senior,FMCG,MNC (2000+),1,Full-Time,0,3,0,0,1,MBA,Tier 2,3,29,Marketing,63664
EMP1728,Female,10.8,Senior,Finance & Banking,Large (500-2000),0,Full-Time,3,2,1,0,1,Post-Graduate,Tier 3,3,36,Marketing,85818
EMP1729,Female,17.3,Manager,Manufacturing,SME (50-500),0,Full-Time,12,5,1,0,1,Post-Graduate,Tier 2,3,36,Operations,133758
EMP1730,Female,8.4,Senior,Media,MNC (2000+),1,Part-Time,6,2,1,1,0,Post-Graduate,Tier 2,1,32,Data & Analytics,80870
EMP1731,Male,8.6,Senior,Healthcare,Startup (<50),1,Full-Time,0,3,0,1,1,MBA,Tier 1,3,34,Operations,63963
EMP1732,Male,9.0,Senior,Technology,SME (50-500),0,Full-Time,0,2,0,1,1,PhD,Tier 3,1,32,Sales,68173
EMP1733,Female,2.9,Junior,FMCG,Large (500-2000),1,Full-Time,0,1,1,0,0,MBA,Tier 1,3,27,Engineering,36060
EMP1734,Male,0.6,Junior,Consulting,MNC (2000+),0,Full-Time,12,0,0,1,1,MBA,Tier 1,3,24,Customer Support,26702
EMP1735,Male,4.8,Mid,Finance & Banking,MNC (2000+),0,Full-Time,0,2,1,1,0,Post-Graduate,Tier 1,3,29,Engineering,83691
EMP1736,Female,7.2,Mid,Education,Startup (<50),1,Full-Time,0,2,1,0,1,Post-Graduate,Tier 2,4,30,Admin,32884
EMP1737,Male,10.9,Senior,Technology,MNC (2000+),1,Full-Time,0,3,1,1,0,Post-Graduate,Tier 1,4,31,Finance,178400
EMP1738,Male,2.2,Junior,NGO / Social Sector,Large (500-2000),1,Full-Time,12,1,0,0,1,Graduate,Tier 3,3,25,Operations,20000
EMP1739,Male,13.7,Manager,Consulting,Large (500-2000),1,Full-Time,6,4,0,1,1,Graduate,Tier 1,3,35,Operations,143538
EMP1740,Female,9.6,Senior,FMCG,MNC (2000+),0,Full-Time,18,2,1,0,0,Post-Graduate,Tier 1,3,33,Marketing,94436
EMP1741,Female,11.3,Senior,Retail,SME (50-500),1,Full-Time,24,3,0,0,1,Post-Graduate,Tier 2,2,30,Customer Support,45917
EMP1742,Female,1.7,Junior,Education,SME (50-500),0,Full-Time,6,0,0,0,0,Post-Graduate,Tier 2,4,24,Customer Support,14364
EMP1743,Female,8.4,Senior,Education,SME (50-500),0,Full-Time,6,2,0,0,0,Post-Graduate,Tier 1,2,31,HR,46311
EMP1744,Female,10.2,Senior,Technology,Large (500-2000),0,Full-Time,6,3,1,1,0,Graduate,Tier 1,2,31,Admin,88480
EMP1745,Female,15.2,Manager,Consulting,Startup (<50),0,Full-Time,24,2,0,0,0,Graduate,Tier 3,3,40,Customer Support,77928
EMP1746,Male,16.3,Manager,Finance & Banking,MNC (2000+),0,Full-Time,0,4,0,1,1,PhD,Tier 1,3,36,Engineering,236102
EMP1747,Female,9.1,Senior,Retail,SME (50-500),0,Contract,3,1,1,0,0,Post-Graduate,Tier 1,3,31,HR,54100
EMP1748,Female,0.5,Junior,Media,Startup (<50),0,Full-Time,0,0,1,1,0,MBA,Tier 3,3,22,Operations,14000
EMP1749,Female,11.4,Senior,FMCG,Startup (<50),0,Full-Time,0,3,0,0,0,Graduate,Tier 2,3,34,HR,58460
EMP1750,Male,13.3,Senior,Technology,Startup (<50),1,Contract,0,3,0,1,0,PhD,Tier 1,4,37,Marketing,78687
EMP1751,Male,8.3,Senior,Technology,Large (500-2000),1,Full-Time,0,3,0,0,1,Graduate,Tier 3,4,28,Finance,110210
EMP1752,Male,6.3,Senior,Technology,SME (50-500),1,Full-Time,18,1,0,1,0,Post-Graduate,Tier 2,4,28,Customer Support,80242
EMP1753,Female,5.9,Mid,FMCG,SME (50-500),0,Full-Time,12,1,0,0,0,MBA,Tier 3,4,28,Operations,35785
EMP1754,Female,8.7,Mid,Education,SME (50-500),0,Part-Time,3,1,0,0,0,Graduate,Tier 2,3,29,HR,27343
EMP1755,Male,1.3,Junior,Healthcare,Large (500-2000),1,Full-Time,0,0,0,0,1,MBA,Tier 3,4,22,HR,20000
EMP1756,Female,0.9,Junior,Media,Large (500-2000),0,Full-Time,12,0,1,0,1,MBA,Tier 3,4,26,Customer Support,17327
EMP1757,Female,5.2,Mid,Retail,Startup (<50),1,Full-Time,0,1,0,0,0,Graduate,Tier 2,4,31,Engineering,46491
EMP1758,Female,4.9,Mid,Media,Startup (<50),1,Full-Time,3,0,1,0,1,Post-Graduate,Tier 1,2,26,Customer Support,28863
EMP1759,Male,5.6,Mid,FMCG,Startup (<50),1,Full-Time,0,1,0,0,1,Graduate,Tier 1,3,26,Engineering,57859
EMP1760,Female,9.9,Senior,Technology,SME (50-500),1,Full-Time,3,2,1,0,0,PhD,Tier 3,2,31,Marketing,94446
EMP1761,Female,4.0,Mid,Education,Large (500-2000),0,Full-Time,0,2,1,1,0,Post-Graduate,Tier 1,4,27,HR,35978
EMP1762,Male,15.9,Manager,Media,Large (500-2000),1,Full-Time,3,4,0,1,0,MBA,Tier 2,3,39,Finance,93299
EMP1763,Male,10.9,Senior,Technology,MNC (2000+),0,Full-Time,0,4,0,0,0,PhD,Tier 1,2,31,Engineering,135732
EMP1764,Female,18.7,Manager,Education,MNC (2000+),1,Contract,18,5,0,1,0,High School,Tier 2,3,41,Engineering,146098
EMP1765,Male,9.7,Senior,Consulting,MNC (2000+),1,Full-Time,0,2,0,0,0,PhD,Tier 3,5,33,Sales,86950
EMP1766,Male,13.0,Manager,Retail,SME (50-500),1,Full-Time,0,4,0,0,0,MBA,Tier 1,3,36,Data & Analytics,123932
EMP1767,Male,9.7,Senior,Finance & Banking,MNC (2000+),1,Full-Time,0,3,0,1,0,MBA,Tier 2,3,35,Data & Analytics,129604
EMP1768,Female,8.5,Senior,FMCG,SME (50-500),0,Full-Time,12,1,0,0,0,Post-Graduate,Tier 2,4,32,Data & Analytics,108028
EMP1769,Male,7.1,Senior,Education,Large (500-2000),1,Contract,3,1,1,1,0,MBA,Tier 3,2,28,Data & Analytics,55363
EMP1770,Male,9.3,Senior,Finance & Banking,Startup (<50),1,Full-Time,0,2,1,1,1,Graduate,Tier 1,4,28,Data & Analytics,98462
EMP1771,Female,6.7,Mid,FMCG,Large (500-2000),1,Full-Time,24,1,1,1,0,MBA,Tier 1,2,29,Marketing,55606
EMP1772,Female,2.6,Junior,Finance & Banking,SME (50-500),0,Part-Time,6,1,1,1,0,Graduate,Tier 2,4,26,Data & Analytics,40701
EMP1773,Male,7.5,Senior,Consulting,MNC (2000+),1,Full-Time,0,2,0,1,0,Graduate,Tier 1,3,33,Engineering,162310
EMP1774,Female,11.5,Senior,Consulting,Startup (<50),0,Part-Time,0,3,1,1,1,MBA,Tier 1,4,30,Admin,71788
EMP1775,Male,3.6,Mid,Technology,Large (500-2000),1,Full-Time,0,2,0,0,0,Graduate,Tier 3,4,24,HR,54257
EMP1776,Male,2.8,Mid,Retail,Large (500-2000),1,Full-Time,0,0,0,0,1,MBA,Tier 3,4,24,Finance,49767
EMP1777,Female,10.4,Senior,Finance & Banking,SME (50-500),1,Full-Time,3,3,0,1,0,Post-Graduate,Tier 2,4,34,Admin,97416
EMP1778,Male,15.4,Manager,Consulting,SME (50-500),0,Full-Time,0,5,0,0,1,Post-Graduate,Tier 2,3,40,HR,94063
EMP1779,Female,6.9,Mid,Technology,MNC (2000+),0,Contract,18,1,0,0,0,Post-Graduate,Tier 2,2,28,Data & Analytics,79736
EMP1780,Female,11.6,Senior,Media,Startup (<50),0,Full-Time,12,2,1,1,1,PhD,Tier 1,1,34,Data & Analytics,80674
EMP1781,Female,7.8,Senior,Healthcare,Large (500-2000),1,Full-Time,12,2,1,0,0,Post-Graduate,Tier 1,3,30,Engineering,98843
EMP1782,Female,13.2,Senior,NGO / Social Sector,MNC (2000+),0,Full-Time,18,2,1,0,0,MBA,Tier 1,4,37,Admin,53720
EMP1783,Male,10.8,Senior,Technology,SME (50-500),1,Full-Time,0,1,1,1,0,Graduate,Tier 3,3,36,Legal,108706
EMP1784,Male,18.8,Manager,FMCG,SME (50-500),1,Full-Time,12,6,0,0,0,Post-Graduate,Tier 1,3,45,Data & Analytics,128016
EMP1785,Female,9.3,Senior,Finance & Banking,SME (50-500),0,Contract,12,2,0,0,0,Post-Graduate,Tier 2,3,33,Customer Support,72311
EMP1786,Male,6.3,Senior,Finance & Banking,MNC (2000+),1,Part-Time,0,2,0,0,1,Graduate,Tier 1,3,27,Customer Support,94679
EMP1787,Male,8.0,Senior,Manufacturing,SME (50-500),1,Full-Time,0,2,0,1,1,MBA,Tier 2,4,33,Finance,105320
EMP1788,Male,14.9,Manager,Finance & Banking,Large (500-2000),1,Full-Time,6,3,0,1,0,PhD,Tier 3,3,37,Customer Support,117785
EMP1789,Female,5.9,Mid,Media,MNC (2000+),0,Full-Time,3,1,1,1,0,Graduate,Tier 1,2,24,Data & Analytics,62454
EMP1790,Male,7.4,Senior,FMCG,MNC (2000+),1,Full-Time,6,2,0,1,0,MBA,Tier 1,3,29,Engineering,107716
EMP1791,Male,13.4,Manager,Manufacturing,SME (50-500),1,Full-Time,0,4,0,1,0,MBA,Tier 1,3,35,Sales,124682
EMP1792,Female,15.3,Manager,Media,Large (500-2000),0,Contract,0,4,0,0,0,Post-Graduate,Tier 2,4,37,Operations,119493
EMP1793,Female,7.0,Mid,FMCG,SME (50-500),0,Full-Time,3,1,1,0,0,Post-Graduate,Tier 1,4,26,Admin,31348
EMP1794,Male,10.7,Senior,Manufacturing,Startup (<50),0,Full-Time,0,3,0,0,0,MBA,Tier 1,5,35,Sales,67113
EMP1795,Male,14.0,Manager,Consulting,SME (50-500),1,Full-Time,3,4,1,0,0,MBA,Tier 1,5,36,Operations,129014
EMP1796,Female,4.0,Mid,Technology,MNC (2000+),1,Full-Time,3,0,0,1,0,Graduate,Tier 1,5,25,Marketing,84311
EMP1797,Male,16.9,Manager,Finance & Banking,MNC (2000+),0,Full-Time,12,4,0,1,1,MBA,Tier 1,3,41,Operations,157445
EMP1798,Female,7.3,Mid,Retail,Large (500-2000),0,Full-Time,18,1,0,1,1,Graduate,Tier 1,2,27,Customer Support,41242
EMP1799,Female,7.5,Mid,FMCG,MNC (2000+),1,Contract,0,2,1,0,0,MBA,Tier 3,2,31,Sales,60462
EMP1800,Male,9.4,Senior,FMCG,MNC (2000+),0,Full-Time,0,2,0,1,1,MBA,Tier 2,3,31,Operations,73992
EMP1801,Male,3.8,Mid,Technology,MNC (2000+),0,Contract,18,1,1,0,1,PhD,Tier 2,3,27,Marketing,52569
EMP1802,Male,6.1,Senior,Manufacturing,Startup (<50),0,Full-Time,0,1,0,0,0,Graduate,Tier 1,4,28,Marketing,66657
EMP1803,Male,13.6,Manager,Consulting,MNC (2000+),0,Full-Time,0,4,0,0,1,MBA,Tier 1,2,37,Sales,164011
EMP1804,Female,16.9,Manager,Manufacturing,Startup (<50),0,Full-Time,0,3,0,1,0,Post-Graduate,Tier 1,3,42,Engineering,145293
EMP1805,Male,4.9,Mid,Technology,MNC (2000+),1,Full-Time,0,1,0,1,0,PhD,Tier 2,4,28,Engineering,103643
EMP1806,Male,16.1,Manager,Manufacturing,SME (50-500),0,Full-Time,0,5,0,0,1,MBA,Tier 3,3,40,Customer Support,61451
EMP1807,Female,11.3,Senior,Education,SME (50-500),1,Full-Time,6,2,0,0,0,Post-Graduate,Tier 3,5,35,HR,48929
EMP1808,Male,9.6,Senior,FMCG,MNC (2000+),1,Full-Time,6,2,0,1,0,Graduate,Tier 2,3,33,Engineering,78862
EMP1809,Female,11.0,Senior,Healthcare,MNC (2000+),0,Full-Time,24,2,1,0,0,MBA,Tier 3,5,33,HR,69086
EMP1810,Female,6.5,Mid,NGO / Social Sector,Large (500-2000),0,Part-Time,6,1,0,0,1,MBA,Tier 1,2,25,Marketing,36697
EMP1811,Female,11.8,Senior,Retail,SME (50-500),1,Full-Time,12,3,0,0,0,Post-Graduate,Tier 1,3,36,Admin,50704
EMP1812,Female,13.3,Senior,Manufacturing,Large (500-2000),0,Full-Time,0,3,1,0,0,Post-Graduate,Tier 1,4,37,Legal,108767
EMP1813,Male,8.2,Senior,Healthcare,Startup (<50),0,Contract,0,3,0,1,1,Post-Graduate,Tier 2,5,29,Sales,66643
EMP1814,Male,5.4,Mid,Retail,Startup (<50),1,Full-Time,0,1,0,1,0,Post-Graduate,Tier 3,2,28,Engineering,34267
EMP1815,Female,8.9,Senior,Healthcare,SME (50-500),0,Full-Time,18,2,1,1,0,Graduate,Tier 3,3,35,Customer Support,46113
EMP1816,Female,11.5,Senior,Education,SME (50-500),1,Full-Time,0,3,1,0,1,Post-Graduate,Tier 1,4,32,Customer Support,67130
EMP1817,Male,13.6,Manager,Finance & Banking,Large (500-2000),1,Full-Time,18,5,0,0,1,Graduate,Tier 3,5,40,Engineering,189335
EMP1818,Female,8.8,Senior,Retail,Large (500-2000),0,Full-Time,0,2,0,0,0,MBA,Tier 3,5,33,Legal,80404
EMP1819,Female,7.2,Senior,Media,Large (500-2000),0,Part-Time,18,2,1,0,0,MBA,Tier 2,5,29,Marketing,76219
EMP1820,Female,13.3,Senior,Media,SME (50-500),0,Full-Time,0,3,1,0,0,PhD,Tier 1,3,36,Marketing,86970
EMP1821,Female,17.4,Manager,Finance & Banking,Startup (<50),0,Full-Time,6,4,0,1,0,Graduate,Tier 1,4,38,HR,116793
EMP1822,Female,3.8,Junior,FMCG,SME (50-500),0,Full-Time,0,1,0,1,0,MBA,Tier 2,3,22,Marketing,18277
EMP1823,Male,2.1,Junior,Technology,SME (50-500),1,Full-Time,0,1,0,0,1,MBA,Tier 3,2,24,Engineering,30783
EMP1824,Female,1.3,Junior,Technology,MNC (2000+),1,Contract,12,1,0,1,0,Graduate,Tier 3,1,26,Legal,29107
EMP1825,Female,13.2,Manager,Retail,SME (50-500),0,Contract,0,3,1,0,0,Post-Graduate,Tier 1,3,33,Admin,102640
EMP1826,Male,5.6,Mid,FMCG,SME (50-500),0,Part-Time,0,2,0,0,0,Post-Graduate,Tier 1,5,31,Data & Analytics,54401
EMP1827,Female,3.7,Junior,FMCG,Startup (<50),0,Full-Time,12,0,1,0,1,Post-Graduate,Tier 2,4,26,Customer Support,16417
EMP1828,Male,11.6,Senior,FMCG,MNC (2000+),1,Full-Time,0,4,0,0,0,Post-Graduate,Tier 2,4,34,Operations,67220
EMP1829,Female,12.9,Senior,Healthcare,Large (500-2000),1,Full-Time,0,3,0,0,1,MBA,Tier 3,4,35,Sales,77206
EMP1830,Male,13.3,Manager,Retail,Large (500-2000),0,Part-Time,0,3,0,0,1,Post-Graduate,Tier 2,4,36,Engineering,116214
EMP1831,Male,11.9,Senior,Technology,Large (500-2000),0,Full-Time,0,4,0,1,0,MBA,Tier 2,3,33,Operations,109433
EMP1832,Male,8.3,Senior,Consulting,MNC (2000+),0,Full-Time,0,1,0,0,1,Graduate,Tier 2,2,30,Sales,82683
EMP1833,Male,8.6,Senior,Finance & Banking,SME (50-500),1,Full-Time,0,3,0,0,0,Graduate,Tier 1,4,31,Engineering,107099
EMP1834,Female,13.8,Senior,NGO / Social Sector,SME (50-500),1,Full-Time,0,3,1,0,1,Post-Graduate,Tier 2,5,37,Admin,38315
EMP1835,Male,7.7,Senior,Manufacturing,MNC (2000+),1,Contract,0,2,0,1,0,High School,Tier 1,5,31,Data & Analytics,95343
EMP1836,Male,10.9,Senior,FMCG,Large (500-2000),1,Full-Time,0,3,0,1,0,Post-Graduate,Tier 3,1,36,Operations,48586
EMP1837,Female,4.9,Mid,Consulting,MNC (2000+),0,Full-Time,0,0,0,0,1,Post-Graduate,Tier 2,3,25,Finance,80215
EMP1838,Male,1.0,Junior,FMCG,Startup (<50),1,Full-Time,0,1,0,0,1,Post-Graduate,Tier 2,4,24,Data & Analytics,21157
EMP1839,Male,12.0,Senior,Manufacturing,SME (50-500),1,Full-Time,0,4,1,0,0,MBA,Tier 1,3,35,HR,75939
EMP1840,Male,10.4,Senior,Healthcare,Large (500-2000),1,Part-Time,0,3,0,1,0,Post-Graduate,Tier 2,1,33,Operations,72430
EMP1841,Female,7.1,Mid,Education,Large (500-2000),0,Full-Time,6,2,0,0,1,Post-Graduate,Tier 1,2,30,Legal,39881
EMP1842,Male,14.0,Manager,Healthcare,SME (50-500),1,Full-Time,0,5,0,1,1,PhD,Tier 2,3,37,Finance,137257
EMP1843,Male,2.8,Junior,Retail,MNC (2000+),1,Full-Time,0,0,0,1,0,Graduate,Tier 2,3,27,Finance,29819
EMP1844,Female,7.6,Mid,Media,SME (50-500),1,Part-Time,12,2,1,0,0,Post-Graduate,Tier 2,3,32,Finance,52119
EMP1845,Male,5.9,Mid,FMCG,MNC (2000+),0,Full-Time,6,2,0,1,1,Post-Graduate,Tier 2,3,30,Finance,50291
EMP1846,Male,11.6,Senior,Technology,MNC (2000+),1,Contract,12,4,0,0,0,MBA,Tier 1,3,32,Customer Support,119202
EMP1847,Female,0.7,Junior,FMCG,Startup (<50),0,Contract,6,0,1,0,1,MBA,Tier 1,4,22,Finance,26302
EMP1848,Male,14.4,Manager,Consulting,SME (50-500),1,Full-Time,0,3,0,0,1,MBA,Tier 2,4,37,Operations,131303
EMP1849,Female,9.8,Senior,Education,Startup (<50),0,Full-Time,18,1,1,1,0,Graduate,Tier 2,5,31,Engineering,79732
EMP1850,Female,7.7,Senior,Education,MNC (2000+),1,Full-Time,6,2,0,0,0,MBA,Tier 2,3,34,Marketing,73168
EMP1851,Male,12.9,Manager,Manufacturing,Large (500-2000),1,Part-Time,0,4,0,0,0,Graduate,Tier 1,4,32,Data & Analytics,202155
EMP1852,Female,10.3,Senior,Healthcare,Startup (<50),0,Full-Time,0,2,0,1,1,Graduate,Tier 1,4,31,Customer Support,61851
EMP1853,Female,8.8,Senior,Consulting,MNC (2000+),0,Contract,24,2,0,1,0,Graduate,Tier 1,2,33,Customer Support,85889
EMP1854,Female,14.8,Manager,NGO / Social Sector,MNC (2000+),0,Full-Time,0,4,1,0,0,Post-Graduate,Tier 2,4,34,Admin,68755
EMP1855,Female,1.0,Junior,Consulting,Large (500-2000),1,Full-Time,6,0,0,1,0,MBA,Tier 1,4,24,HR,40147
EMP1856,Male,7.6,Senior,Finance & Banking,Large (500-2000),0,Full-Time,0,1,0,0,0,Post-Graduate,Tier 3,5,31,Data & Analytics,96653
EMP1857,Female,3.7,Junior,FMCG,SME (50-500),0,Full-Time,6,1,1,0,0,MBA,Tier 2,3,26,Finance,32674
EMP1858,Female,2.2,Junior,Education,Startup (<50),1,Part-Time,12,1,1,0,1,Post-Graduate,Tier 2,3,28,Finance,15611
EMP1859,Female,6.8,Mid,FMCG,MNC (2000+),0,Full-Time,12,1,1,0,0,MBA,Tier 1,4,31,Customer Support,39366
EMP1860,Male,12.2,Senior,Media,SME (50-500),1,Full-Time,0,4,0,0,0,Graduate,Tier 1,4,37,Sales,81349
EMP1861,Male,7.6,Senior,Technology,Startup (<50),0,Full-Time,0,2,0,0,0,MBA,Tier 3,5,30,Admin,54295
EMP1862,Male,16.6,Manager,Finance & Banking,Large (500-2000),1,Full-Time,12,5,0,0,1,Post-Graduate,Tier 2,4,39,Customer Support,153664
EMP1863,Male,10.3,Senior,Healthcare,MNC (2000+),1,Full-Time,0,2,1,0,0,Graduate,Tier 2,4,33,Sales,96230
EMP1864,Female,1.7,Junior,FMCG,SME (50-500),0,Full-Time,3,0,0,1,0,MBA,Tier 1,2,24,Legal,22178
EMP1865,Male,11.9,Manager,Finance & Banking,Large (500-2000),1,Full-Time,0,4,0,0,1,Graduate,Tier 1,2,33,Engineering,236534
EMP1866,Male,5.8,Mid,Retail,SME (50-500),1,Full-Time,0,1,0,1,1,Graduate,Tier 2,5,28,Engineering,47459
EMP1867,Female,5.5,Mid,FMCG,Startup (<50),0,Contract,6,1,1,0,0,MBA,Tier 2,4,28,Engineering,44720
EMP1868,Female,11.9,Senior,Manufacturing,Large (500-2000),0,Full-Time,12,3,0,1,1,Post-Graduate,Tier 1,3,35,HR,81875
EMP1869,Female,4.4,Junior,Consulting,MNC (2000+),1,Part-Time,0,0,1,1,0,Post-Graduate,Tier 2,3,31,Customer Support,37702
EMP1870,Male,8.3,Senior,Consulting,SME (50-500),1,Full-Time,3,2,0,0,0,MBA,Tier 2,3,29,Marketing,70359
EMP1871,Male,4.6,Mid,Technology,SME (50-500),1,Full-Time,0,1,0,0,1,Post-Graduate,Tier 3,1,31,Data & Analytics,62811
EMP1872,Male,10.5,Senior,Manufacturing,Startup (<50),1,Full-Time,0,3,0,0,1,MBA,Tier 2,1,30,Legal,74036
EMP1873,Male,12.7,Manager,Manufacturing,MNC (2000+),1,Full-Time,3,4,0,1,1,Post-Graduate,Tier 2,2,36,Customer Support,123581
EMP1874,Female,8.4,Senior,Finance & Banking,Startup (<50),0,Full-Time,6,1,0,0,0,Post-Graduate,Tier 2,5,30,Sales,93770
EMP1875,Male,0.5,Junior,Media,Large (500-2000),0,Contract,0,0,0,0,0,MBA,Tier 3,4,24,Marketing,20734
EMP1876,Female,14.0,Manager,Manufacturing,SME (50-500),0,Full-Time,18,3,1,0,0,MBA,Tier 3,4,39,Customer Support,91057
EMP1877,Male,5.3,Mid,Finance & Banking,MNC (2000+),0,Contract,12,1,0,0,1,Post-Graduate,Tier 2,2,30,Admin,36281
EMP1878,Male,9.5,Senior,Manufacturing,Large (500-2000),0,Full-Time,0,2,0,0,1,Post-Graduate,Tier 1,1,35,HR,63729
EMP1879,Male,14.1,Manager,Finance & Banking,MNC (2000+),1,Contract,0,3,0,1,1,Graduate,Tier 2,5,40,HR,113205
EMP1880,Male,13.2,Manager,Healthcare,MNC (2000+),1,Full-Time,0,3,0,0,1,MBA,Tier 2,3,38,Sales,159427
EMP1881,Male,3.1,Mid,Retail,MNC (2000+),1,Full-Time,0,2,0,1,1,MBA,Tier 1,5,27,Engineering,57833
EMP1882,Female,10.0,Senior,Healthcare,MNC (2000+),0,Full-Time,3,3,0,0,0,Graduate,Tier 2,4,31,HR,79935
EMP1883,Female,2.7,Junior,FMCG,SME (50-500),0,Full-Time,12,2,0,0,0,PhD,Tier 2,3,24,Sales,31093
EMP1884,Female,6.3,Mid,Finance & Banking,SME (50-500),1,Full-Time,0,0,1,0,0,Post-Graduate,Tier 2,4,30,Legal,69270
EMP1885,Male,7.1,Mid,Retail,MNC (2000+),1,Full-Time,0,0,0,0,1,MBA,Tier 1,4,25,HR,36202
EMP1886,Male,11.7,Senior,Retail,Large (500-2000),1,Full-Time,0,4,0,0,1,Graduate,Tier 1,1,33,Marketing,57909
EMP1887,Male,0.5,Junior,Healthcare,SME (50-500),0,Full-Time,0,0,0,1,1,Post-Graduate,Tier 1,2,24,Sales,22718
EMP1888,Female,4.6,Mid,Education,Startup (<50),0,Full-Time,12,0,1,1,0,MBA,Tier 1,5,30,Sales,38411
EMP1889,Female,2.5,Junior,Technology,SME (50-500),0,Full-Time,0,0,1,0,0,MBA,Tier 3,5,23,Engineering,37085
EMP1890,Female,6.8,Mid,Finance & Banking,MNC (2000+),0,Full-Time,18,1,1,0,1,Post-Graduate,Tier 1,5,30,Sales,89627
EMP1891,Female,10.7,Senior,Education,Large (500-2000),0,Full-Time,0,3,1,0,0,Graduate,Tier 1,4,31,Engineering,83513
EMP1892,Male,13.1,Manager,Technology,MNC (2000+),0,Full-Time,0,3,0,1,1,MBA,Tier 1,4,38,Data & Analytics,225710
EMP1893,Female,6.9,Mid,FMCG,Large (500-2000),1,Full-Time,0,2,0,1,0,High School,Tier 3,4,29,Sales,57015
EMP1894,Male,11.0,Senior,Consulting,SME (50-500),1,Full-Time,0,3,1,1,0,PhD,Tier 1,3,32,Engineering,110829
EMP1895,Male,12.0,Senior,Technology,MNC (2000+),1,Full-Time,6,5,0,0,0,PhD,Tier 2,4,38,Customer Support,87870
EMP1896,Female,3.6,Junior,NGO / Social Sector,Startup (<50),1,Full-Time,0,1,0,0,0,Post-Graduate,Tier 3,3,27,Operations,14000
EMP1897,Female,6.5,Mid,FMCG,MNC (2000+),1,Full-Time,0,2,1,1,1,MBA,Tier 2,5,29,Marketing,64345
EMP1898,Male,4.9,Mid,Technology,MNC (2000+),1,Full-Time,0,1,0,1,0,High School,Tier 2,4,24,Data & Analytics,81939
EMP1899,Female,3.4,Mid,Healthcare,SME (50-500),0,Full-Time,12,0,1,0,1,MBA,Tier 2,5,28,Admin,40470
EMP1900,Female,2.1,Junior,FMCG,Large (500-2000),1,Full-Time,0,0,1,0,1,Post-Graduate,Tier 1,3,23,Marketing,27079
EMP1901,Male,13.7,Manager,Technology,Large (500-2000),1,Full-Time,0,4,0,0,0,Post-Graduate,Tier 1,3,37,Finance,190897
EMP1902,Male,8.3,Senior,Finance & Banking,Large (500-2000),1,Full-Time,6,3,0,1,1,Post-Graduate,Tier 3,3,33,Customer Support,83428
EMP1903,Male,6.2,Senior,Consulting,Large (500-2000),0,Part-Time,0,1,0,0,0,High School,Tier 2,5,30,Engineering,110057
EMP1904,Female,9.9,Senior,Retail,Startup (<50),0,Full-Time,12,2,1,0,0,Graduate,Tier 1,3,35,Admin,49592
EMP1905,Male,15.8,Manager,Technology,MNC (2000+),0,Full-Time,0,6,0,1,1,MBA,Tier 3,4,38,Finance,198348
EMP1906,Female,4.4,Mid,Consulting,SME (50-500),0,Full-Time,12,1,1,0,0,Post-Graduate,Tier 2,2,24,Sales,58739
EMP1907,Male,15.8,Manager,Healthcare,MNC (2000+),0,Full-Time,0,5,1,0,0,Graduate,Tier 1,3,38,Data & Analytics,165212
EMP1908,Male,7.8,Senior,Technology,Large (500-2000),0,Full-Time,0,3,0,0,1,Post-Graduate,Tier 3,4,33,Operations,74173
EMP1909,Male,6.7,Senior,Healthcare,MNC (2000+),1,Full-Time,0,1,0,0,1,Graduate,Tier 1,3,31,Engineering,113301
EMP1910,Female,8.5,Senior,Manufacturing,SME (50-500),1,Contract,12,1,1,0,1,MBA,Tier 1,3,32,Customer Support,69141
EMP1911,Male,9.3,Senior,Manufacturing,MNC (2000+),1,Full-Time,12,3,0,1,1,High School,Tier 2,4,35,Sales,78663
EMP1912,Male,5.3,Mid,Consulting,SME (50-500),1,Full-Time,0,1,0,0,0,Post-Graduate,Tier 1,3,28,Engineering,79974
EMP1913,Female,8.4,Senior,Consulting,SME (50-500),0,Part-Time,24,1,1,1,1,PhD,Tier 1,3,30,HR,66439
EMP1914,Male,18.4,Director,Healthcare,Startup (<50),1,Full-Time,6,5,0,1,0,Graduate,Tier 1,4,42,Operations,214379
EMP1915,Male,0.5,Junior,Finance & Banking,MNC (2000+),1,Full-Time,0,0,0,1,1,Post-Graduate,Tier 1,3,23,HR,33273
EMP1916,Female,11.5,Senior,Technology,SME (50-500),1,Part-Time,0,3,0,1,0,MBA,Tier 3,4,34,Admin,66746
EMP1917,Female,0.5,Junior,Media,Startup (<50),0,Full-Time,18,0,0,0,1,Graduate,Tier 2,1,22,Customer Support,14289
EMP1918,Female,6.5,Mid,Technology,Large (500-2000),1,Full-Time,24,1,0,0,1,Post-Graduate,Tier 3,5,29,Engineering,71378
EMP1919,Female,12.7,Senior,Retail,SME (50-500),0,Full-Time,3,4,0,0,0,MBA,Tier 1,4,35,Customer Support,52800
EMP1920,Male,7.6,Senior,Retail,SME (50-500),1,Full-Time,3,3,0,1,1,Post-Graduate,Tier 3,3,30,Data & Analytics,81906
EMP1921,Male,1.2,Junior,Media,Startup (<50),1,Full-Time,0,0,0,0,1,Post-Graduate,Tier 2,4,22,Operations,20000
EMP1922,Male,1.3,Junior,Finance & Banking,Large (500-2000),1,Full-Time,0,1,0,0,0,Graduate,Tier 1,4,28,HR,27940
EMP1923,Male,6.5,Senior,NGO / Social Sector,Large (500-2000),1,Full-Time,0,2,0,0,1,High School,Tier 1,5,29,Customer Support,43498
EMP1924,Female,12.9,Senior,Healthcare,SME (50-500),0,Contract,0,4,1,0,0,MBA,Tier 3,3,36,Customer Support,57842
EMP1925,Male,12.1,Senior,Consulting,Large (500-2000),1,Full-Time,0,3,1,1,0,Post-Graduate,Tier 1,1,35,Engineering,131127
EMP1926,Female,10.1,Senior,Consulting,SME (50-500),0,Contract,6,1,1,0,0,MBA,Tier 1,5,35,Operations,99718
EMP1927,Female,6.5,Mid,Healthcare,Large (500-2000),0,Part-Time,0,1,1,1,1,Graduate,Tier 2,5,28,Data & Analytics,84063
EMP1928,Female,10.6,Senior,Retail,SME (50-500),0,Full-Time,0,1,1,0,0,Post-Graduate,Tier 2,3,31,Customer Support,72064
EMP1929,Female,7.7,Senior,FMCG,Startup (<50),1,Full-Time,24,1,1,0,1,MBA,Tier 2,2,27,Data & Analytics,61424
EMP1930,Female,6.3,Mid,Finance & Banking,Large (500-2000),0,Full-Time,3,2,0,1,0,MBA,Tier 3,4,32,Customer Support,55514
EMP1931,Female,10.6,Senior,Technology,Large (500-2000),1,Full-Time,18,1,1,0,0,Graduate,Tier 1,4,38,HR,91922
EMP1932,Male,11.6,Senior,NGO / Social Sector,MNC (2000+),0,Full-Time,3,4,0,1,0,Graduate,Tier 1,3,32,Customer Support,37714
EMP1933,Male,10.3,Senior,NGO / Social Sector,SME (50-500),1,Full-Time,3,2,0,0,0,Post-Graduate,Tier 3,3,34,Finance,37766
EMP1934,Female,7.7,Senior,Healthcare,Startup (<50),1,Full-Time,18,1,1,0,1,PhD,Tier 3,4,32,HR,47852
EMP1935,Female,12.3,Senior,Education,Large (500-2000),1,Part-Time,24,3,1,0,1,Post-Graduate,Tier 1,4,37,Admin,53894
EMP1936,Female,11.3,Senior,Manufacturing,SME (50-500),0,Contract,0,2,0,0,0,High School,Tier 2,5,38,Finance,126673
EMP1937,Female,8.3,Senior,Healthcare,Startup (<50),1,Contract,0,2,0,0,0,Post-Graduate,Tier 1,2,28,Data & Analytics,90524
EMP1938,Female,0.5,Junior,Consulting,Startup (<50),1,Full-Time,0,0,0,0,0,MBA,Tier 2,5,22,HR,33157
EMP1939,Male,12.6,Manager,Finance & Banking,Startup (<50),1,Full-Time,0,4,0,1,1,PhD,Tier 3,3,39,Engineering,118810
EMP1940,Male,11.2,Senior,Technology,Large (500-2000),1,Full-Time,6,3,1,0,0,Post-Graduate,Tier 1,5,37,HR,105025
EMP1941,Male,5.6,Mid,Finance & Banking,MNC (2000+),1,Full-Time,0,1,0,0,0,PhD,Tier 2,5,28,Operations,57744
EMP1942,Female,5.7,Mid,Education,SME (50-500),0,Contract,6,1,1,0,1,MBA,Tier 1,2,33,Customer Support,26057
EMP1943,Female,5.5,Mid,Education,MNC (2000+),0,Contract,0,1,1,0,0,Post-Graduate,Tier 1,3,30,Finance,48313
EMP1944,Female,9.2,Senior,Education,MNC (2000+),1,Part-Time,18,1,1,1,1,PhD,Tier 2,3,32,Finance,90567
EMP1945,Female,8.4,Senior,Retail,MNC (2000+),0,Full-Time,0,2,0,0,0,MBA,Tier 2,4,30,Operations,81223
EMP1946,Male,9.3,Senior,Healthcare,MNC (2000+),1,Full-Time,0,3,0,1,0,Graduate,Tier 1,4,34,Engineering,134655
EMP1947,Female,4.9,Mid,Consulting,Large (500-2000),1,Contract,12,1,1,0,0,MBA,Tier 3,2,26,Admin,50314
EMP1948,Male,12.9,Manager,Consulting,Startup (<50),1,Contract,0,4,0,0,1,Post-Graduate,Tier 2,3,36,Sales,163023
EMP1949,Male,10.1,Senior,Retail,SME (50-500),1,Full-Time,3,3,0,1,1,MBA,Tier 3,4,33,Customer Support,39976
EMP1950,Female,10.3,Senior,Technology,Large (500-2000),0,Contract,0,1,0,1,1,MBA,Tier 2,4,30,Admin,110648
EMP1951,Male,10.3,Senior,Manufacturing,Startup (<50),1,Part-Time,0,3,0,1,0,MBA,Tier 1,3,35,Engineering,97586
EMP1952,Male,2.2,Mid,Technology,Startup (<50),0,Full-Time,0,0,0,1,0,Graduate,Tier 3,4,24,Data & Analytics,49506
EMP1953,Male,12.7,Senior,Manufacturing,Large (500-2000),1,Full-Time,6,4,0,1,1,PhD,Tier 2,5,37,Engineering,85974
EMP1954,Male,8.5,Senior,Finance & Banking,SME (50-500),1,Full-Time,0,2,0,1,0,Post-Graduate,Tier 1,4,32,Sales,136491
EMP1955,Male,11.7,Senior,Technology,SME (50-500),1,Full-Time,0,3,1,1,0,Post-Graduate,Tier 3,3,32,Sales,109466
EMP1956,Female,16.7,Manager,NGO / Social Sector,SME (50-500),0,Full-Time,6,4,0,0,0,MBA,Tier 2,1,39,Operations,53781
EMP1957,Female,18.1,Manager,FMCG,SME (50-500),0,Full-Time,0,3,1,0,0,MBA,Tier 2,2,42,Customer Support,111039
EMP1958,Male,12.4,Senior,Retail,SME (50-500),0,Full-Time,0,4,0,1,1,Graduate,Tier 1,3,37,Finance,65604
EMP1959,Female,8.8,Senior,Retail,Large (500-2000),0,Full-Time,6,2,0,0,0,Post-Graduate,Tier 2,4,28,Data & Analytics,102449
EMP1960,Male,14.8,Manager,Finance & Banking,Startup (<50),1,Full-Time,6,4,0,1,0,Graduate,Tier 1,4,36,Sales,129697
EMP1961,Male,8.1,Senior,Finance & Banking,SME (50-500),1,Full-Time,12,3,0,0,0,Post-Graduate,Tier 2,4,30,Finance,93842
EMP1962,Female,9.9,Senior,Education,MNC (2000+),0,Contract,24,1,1,0,1,Post-Graduate,Tier 3,4,31,Engineering,60340
EMP1963,Male,7.4,Senior,Technology,SME (50-500),1,Full-Time,0,2,0,1,1,MBA,Tier 2,4,31,HR,96539
EMP1964,Male,10.3,Senior,FMCG,Large (500-2000),1,Full-Time,0,3,0,0,1,PhD,Tier 2,1,29,Customer Support,61530
EMP1965,Male,18.8,Manager,Technology,SME (50-500),1,Full-Time,3,5,0,0,1,MBA,Tier 1,2,39,Data & Analytics,196547
EMP1966,Male,7.1,Senior,Manufacturing,Startup (<50),1,Contract,0,3,0,0,0,Graduate,Tier 1,4,28,Operations,65920
EMP1967,Female,2.4,Junior,Education,Startup (<50),1,Full-Time,0,0,0,0,0,Post-Graduate,Tier 2,3,28,Customer Support,18762
EMP1968,Male,7.3,Senior,Technology,Startup (<50),1,Full-Time,12,3,0,1,1,MBA,Tier 1,5,31,Engineering,152858
EMP1969,Male,1.3,Junior,Finance & Banking,Large (500-2000),0,Full-Time,6,1,0,1,1,MBA,Tier 1,4,22,Marketing,36369
EMP1970,Male,0.5,Junior,Healthcare,SME (50-500),1,Full-Time,6,0,0,0,0,Post-Graduate,Tier 1,1,22,Data & Analytics,23107
EMP1971,Male,13.3,Manager,FMCG,Startup (<50),1,Full-Time,0,4,0,1,0,MBA,Tier 3,5,35,Engineering,110972
EMP1972,Male,11.0,Senior,Finance & Banking,SME (50-500),1,Contract,0,3,1,0,0,MBA,Tier 1,1,31,Operations,67235
EMP1973,Male,4.7,Mid,Manufacturing,SME (50-500),1,Full-Time,0,1,0,0,1,Post-Graduate,Tier 2,4,29,Engineering,53147
EMP1974,Male,5.2,Mid,Finance & Banking,Large (500-2000),1,Full-Time,0,1,0,0,1,Graduate,Tier 1,3,27,Sales,87749
EMP1975,Female,13.2,Manager,Retail,SME (50-500),0,Full-Time,0,4,1,0,1,MBA,Tier 3,5,34,HR,101253
EMP1976,Male,7.3,Senior,Consulting,SME (50-500),1,Full-Time,3,3,1,1,0,MBA,Tier 1,3,32,Sales,117800
EMP1977,Male,5.7,Mid,Technology,SME (50-500),1,Full-Time,0,2,0,1,1,MBA,Tier 1,2,27,Engineering,81619
EMP1978,Female,12.3,Senior,Retail,Startup (<50),1,Part-Time,12,3,0,1,0,Post-Graduate,Tier 3,3,32,HR,41140
EMP1979,Female,10.7,Senior,Finance & Banking,SME (50-500),0,Full-Time,0,4,1,0,0,MBA,Tier 2,4,35,Finance,118906
EMP1980,Male,13.9,Manager,Healthcare,Startup (<50),1,Full-Time,0,4,0,0,1,MBA,Tier 1,5,37,Admin,85668
EMP1981,Female,18.3,Manager,Finance & Banking,Startup (<50),1,Contract,6,3,1,0,0,Graduate,Tier 2,3,41,Sales,189426
EMP1982,Male,12.0,Senior,Manufacturing,Large (500-2000),1,Full-Time,0,3,1,1,1,Post-Graduate,Tier 3,2,37,Sales,90765
EMP1983,Female,4.4,Mid,Media,SME (50-500),1,Part-Time,0,1,0,0,0,Post-Graduate,Tier 2,2,27,Customer Support,29117
EMP1984,Male,10.3,Senior,Education,SME (50-500),1,Full-Time,6,3,0,0,0,Graduate,Tier 2,2,30,Marketing,54170
EMP1985,Male,4.8,Mid,Healthcare,SME (50-500),1,Full-Time,0,2,0,1,1,High School,Tier 1,2,23,Sales,47137
EMP1986,Male,4.1,Mid,Education,Large (500-2000),1,Full-Time,0,1,0,0,0,MBA,Tier 2,4,28,Legal,46076
EMP1987,Female,10.5,Senior,FMCG,SME (50-500),1,Full-Time,0,2,1,1,0,Graduate,Tier 1,3,37,HR,57131
EMP1988,Female,7.4,Senior,Healthcare,Large (500-2000),0,Full-Time,18,2,1,0,0,High School,Tier 1,1,31,Marketing,83441
EMP1989,Male,7.6,Senior,Technology,MNC (2000+),1,Full-Time,6,2,0,0,0,MBA,Tier 2,3,34,Marketing,128191
EMP1990,Female,7.8,Senior,Media,Startup (<50),0,Full-Time,3,3,1,0,0,MBA,Tier 2,2,27,Data & Analytics,55684
EMP1991,Female,12.0,Senior,Education,SME (50-500),0,Contract,0,3,0,0,1,MBA,Tier 3,1,31,Sales,45854
EMP1992,Female,5.0,Mid,Education,Large (500-2000),0,Part-Time,18,0,1,1,1,Post-Graduate,Tier 2,4,27,HR,34516
EMP1993,Male,4.9,Mid,Manufacturing,SME (50-500),1,Full-Time,0,2,0,1,0,MBA,Tier 2,3,28,Operations,41884
EMP1994,Female,6.3,Mid,Retail,Large (500-2000),0,Full-Time,6,2,1,1,0,Post-Graduate,Tier 1,3,29,Customer Support,37764
EMP1995,Female,8.3,Senior,Education,SME (50-500),0,Full-Time,18,2,1,1,1,MBA,Tier 1,4,32,HR,46468
EMP1996,Female,5.6,Mid,Finance & Banking,Large (500-2000),1,Full-Time,0,0,1,0,0,MBA,Tier 1,4,26,Finance,112160
EMP1997,Female,11.7,Senior,Education,SME (50-500),0,Full-Time,18,2,0,0,0,MBA,Tier 3,3,35,Legal,60720
EMP1998,Female,6.8,Mid,Manufacturing,MNC (2000+),1,Full-Time,6,1,1,0,1,MBA,Tier 2,3,31,Marketing,70631
EMP1999,Male,6.8,Senior,Manufacturing,Large (500-2000),0,Full-Time,18,2,0,1,1,PhD,Tier 1,4,29,Marketing,65105
EMP2000,Male,6.4,Mid,Finance & Banking,Startup (<50),1,Full-Time,0,2,0,1,0,High School,Tier 1,5,29,Engineering,81749
